guid,name,groupPrefab,category,condition,conditionModifiers,conditionSource,incompatible,enabled,reviewStatus,reviewTag,usability,weapons,forms,sourceUnit,hasRuleEntry,notes
1583944483,Caminhada de Névoa,AB_Undead_BishopOfShadows_EternalDarkness_AbilityGroup,Other,CloseRange,Channel,auto,yes,,Unreviewed,,Broken,,,Alma de Sangue Primordial,,
-1623080868,Militia Fabian Mountup,AB_Militia_Fabian_Mountup_AbilityGroup,,,,,,no,Blocked,,Broken,,,,yes,Server-crash + persistent corruption on capture/use (Sir Erwin 'Mountup'). Disabled in the shipped default; also hard-blocked in code.
1325722355,Mist Walk,AB_Undead_BishopOfShadows_ShadowStep_AbilityGroup,Other,Summon,,auto,yes,,Unreviewed,,Broken,,,Primal Blood Soul,,
-1125894381,Mist Walk,AB_Undead_Priest_Elite_Teleport_Travel_AbilityGroup,Other,Movement,,auto,yes,,Unreviewed,,Broken,,,Nicholaus the Fallen,,
-22490832,Mist Walk,AB_Undead_ShadowSoldier_GateBoss_ShadowStep_AbilityGroup,Other,,,,yes,,Unreviewed,,Broken,,,,,
-664569083,Undead Infiltrator Shadow Step,AB_Undead_Infiltrator_ShadowStep_AbilityGroup,Other,,,,yes,,Unreviewed,,Broken,,,Primal Blood Soul,,
1520734123,Arch Mage Crystal Lance,AB_ArchMage_CrystalLance_AbilityGroup,Other,Aimed,Combo,auto,,,Unreviewed,,Combo,,,Mairwyn the Elementalist,,
516384057,Blackfang Alchemist Throw,AB_Blackfang_Alchemist_Throw_AbilityGroup,,Aimed,Combo,auto,,,Unreviewed,,Combo,,,,,
1846642290,Blackfang Alchemist Throw Servant,AB_Blackfang_Alchemist_Throw_Servant_AbilityGroup,,Aimed,Combo,auto,,,Unreviewed,,Combo,,,,,
2102431676,Blackfang Carver Boss Mega Cleave,AB_Blackfang_CarverBoss_MegaCleave_AbilityGroup,,CloseRange,Combo,auto,,,Unreviewed,,Combo,,,,,
-1457510412,Blackfang Carver Boss Wild Swings,AB_Blackfang_CarverBoss_WildSwings_AbilityGroup,,CloseRange,Combo,auto,,,Unreviewed,,Combo,,,,,
-1167502816,Blackfang Dartflinger Fling,AB_Blackfang_Dartflinger_Fling_AbilityGroup,,Aimed,Combo,auto,,,Unreviewed,,Combo,,,,,
-315621824,Blackfang Livith Cutting Wind,AB_Blackfang_Livith_CuttingWind_AbilityGroup,,Aimed,Combo,auto,,,Unreviewed,,Combo,,,,,
1115417829,Blackfang Lurker Melee,AB_Blackfang_Lurker_Melee_AbilityGroup,,CloseRange,Combo,auto,,,Unreviewed,,Combo,,,,,
2099754785,Blackfang Morgana Spectral Beam,AB_Blackfang_Morgana_SpectralBeam_AbilityGroup,,Aimed,Combo,auto,,,Unreviewed,,Combo,,,,,
-1241930020,Blackfang Morgana Spectral Beam Emerge,AB_Blackfang_Morgana_SpectralBeamEmerge_AbilityGroup,,Aimed,Combo,auto,,,Unreviewed,,Combo,,,,,
-1859321594,Blackfang Morganas Tail Stinger,AB_Blackfang_MorganasTail_Stinger_AbilityGroup,,Aimed,Combo,auto,,,Unreviewed,,Combo,,,,,
1126476370,Blackfang Striker Smash,AB_Blackfang_Striker_Smash_AbilityGroup,,CloseRange,Combo,auto,,,Unreviewed,,Combo,,,,,
-9078612,Blackfang Valyr Phase Dual Seismic Jump,AB_Blackfang_Valyr_PhaseDual_SeismicJump_AbilityGroup,,Aimed,Combo,auto,,,Unreviewed,,Combo,,,,,
323806214,Blackfang Venomblade Melee,AB_Blackfang_Venomblade_Melee_AbilityGroup,,CloseRange,Combo,auto,,,Unreviewed,,Combo,,,,,
940071564,Blackfang Venomblade Venomstrike,AB_Blackfang_Venomblade_Venomstrike_AbilityGroup,,CloseRange,Combo,auto,,,Unreviewed,,Combo,,,,,
1074626555,Blackfang Wood Carver Melee,AB_Blackfang_WoodCarver_Melee_AbilityGroup,,CloseRange,Combo,auto,,,Unreviewed,,Combo,,,,,
874909393,Castle Man Tripple Spinning Cross,AB_CastleMan_TrippleSpinningCross_AbilityGroup,Other,CloseRange,Combo|Channel,auto,,,Unreviewed,,Combo,,,Simon Belmont the Vampire Hunter,,
-1081890077,Gloomrot Spider Tank Zapper Rapid Shot,AB_Gloomrot_SpiderTank_Zapper_RapidShot_AbilityGroup,Other,Aimed,Combo|Channel,auto,,,Unreviewed,,Combo,,,Zapper,,
-645101263,Gold Golem Enrage Fist Slam,AB_GoldGolem_Enrage_FistSlam_AbilityGroup,,CloseRange,Combo,auto,,,Unreviewed,,Combo,,,,,
2053056011,Lucie Toxin Bolt,AB_Lucie_ToxinBolt_AbilityGroup,,Aimed,Combo,auto,,,Unreviewed,,Combo,,,,,
1033948100,Man Trap Corrupted Tripple Projectile,AB_ManTrap_CorruptedTrippleProjectile_AbilityGroup,,Aimed,Combo,auto,,,Unreviewed,,Combo,,,,,
-359326766,Man Trap Tripple Projectile,AB_ManTrap_TrippleProjectile_Group,Other,Aimed,Combo,auto,,,Unreviewed,,Combo,,,Mantrap,,
1631838527,Militia Fabian Lightning Orb,AB_Militia_Fabian_LightningOrb_AbilityGroup,,Aimed,Combo,auto,,,Unreviewed,,Combo,,,,,
-215712550,Militia Hound Dash Attack,AB_Militia_Hound_DashAttack_AbilityGroup,Other,CloseRange,Combo,auto,,,Unreviewed,,Combo,,,บรูตัส หมาเฝ้ายาม,,
1219885177,Militia Hound Master Quick Shot,AB_Militia_HoundMaster_QuickShot_AbilityGroup,Other,Aimed,Combo,auto,,,Unreviewed,,Combo,,,Boyo,,
-1104025162,Militia Scribe Quick Attack,AB_Militia_Scribe_QuickAttack_AbilityGroup,Other,Aimed,Combo|Channel,auto,,,Unreviewed,,Combo,,,Maja the Dark Savant,,
2019689688,Militia Scribe Razor Parchment,AB_Militia_Scribe_RazorParchment_AbilityGroup,Other,Aimed,Combo,auto,,,Unreviewed,,Combo,,,Maja the Dark Savant,,
1516349451,Primary Attack,AB_Bandit_Fisherman_SwingAttack_AbilityGroup,Other,CloseRange,Combo,auto,,,Unreviewed,,Combo,,,Finn the Fisherman,,
1400073690,Primary Attack,AB_Bandit_Trapper_MeleeAttack01_Group,Other,CloseRange,Combo,auto,,,Unreviewed,,Combo,,,Trapper,,
-1736553762,Primary Attack,AB_CastleMan_FlameWhip_AbilityGroup,Other,CloseRange,Combo,auto,,,Unreviewed,,Combo,,,Simon Belmont the Vampire Hunter,,
-499397494,Primary Attack,AB_CastleMan_Whip_AbilityGroup,Other,CloseRange,Combo,auto,,,Unreviewed,,Combo,,,Simon Belmont the Vampire Hunter,,
2108112601,Primary Attack,AB_ChurchOfLight_CardinalAide_Melee_AbilityGroup,Other,CloseRange,Combo,auto,,,Unreviewed,,Combo,,,Cardinal Aide,,
613355091,Primary Attack,AB_ChurchOfLight_Overseer_SwingAttack_AbilityGroup,Other,CloseRange,Combo,auto,,,Unreviewed,,Combo,,,Sir Magnus the Overseer,,
-947518364,Primary Attack,AB_ChurchOfLight_Paladin_EmpoweredMelee_AbilityGroup,Other,CloseRange,Combo,auto,,,Unreviewed,,Combo,,,,,
1673497547,Primary Attack,AB_ChurchOfLight_Paladin_Melee_AbilityGroup,Other,Aimed,Combo,auto,,,Unreviewed,,Combo,,,Solarus the Immaculate,,
-1771783202,Primary Attack,AB_Cursed_Mountainbeast_TrippleAttack_AbilityGroup,Other,CloseRange,Combo,auto,,,Unreviewed,,Combo,,,Gorecrusher the Behemoth,,
1221980502,Primary Attack,AB_Cursed_MountainBeast_WhackAVamp_AbilityGroup,Other,CloseRange,Combo,auto,,,Unreviewed,,Combo,,,Gorecrusher the Behemoth,,
1718898538,Primary Attack,AB_Cursed_ToadKing_DoubleTongueSlap_AbilityGroup,Other,CloseRange,Combo,auto,,,Unreviewed,,Combo,,,Albert the Duke of Balaton,,
-1691591896,Primary Attack,AB_HostileVillager_ClubAttack_AbilityGroup,Other,CloseRange,Combo,auto,,,Unreviewed,,Combo,,,Villager,,
664138263,Primary Attack,AB_HostileVillager_FryingPanAttack_AbilityGroup,Other,CloseRange,Combo,auto,,,Unreviewed,,Combo,,,Villager,,
2136688539,Primary Attack,AB_HostileVillager_TorchAttack_AbilityGroup,Other,CloseRange,Combo,auto,,,Unreviewed,,Combo,,,Villager,,
446999227,Primary Attack,AB_HostileVillager_UnarmedAttack_AbilityGroup,Other,CloseRange,Combo,auto,,,Unreviewed,,Combo,,,Villager,,
-557111974,Primary Attack,AB_Knight_2H_AttackChain_AbilityGroup,Other,CloseRange,Combo,auto,,,Unreviewed,,Combo,,,Knight,,
329043640,Primary Attack,AB_Legion_Assassin_DoubleStrike_AbilityGroup,Other,CloseRange,Combo,auto,,,Unreviewed,,Combo,,,Exsanguinator,,
-915929892,Primary Attack,AB_Legion_Gargoyle_ForwardSwipe_AbilityGroup,Other,CloseRange,Combo,auto,,,Unreviewed,,Combo,,,Beatrice the Tailor,,
-350642638,Primary Attack,AB_Legion_Guardian_AttackChain_Group,Other,CloseRange,Combo,auto,,,Unreviewed,,Combo,,,,,
-1526010521,Primary Attack,AB_Legion_Nightmare_AbilityGroup,Other,CloseRange,Combo,auto,,,Unreviewed,,Combo,,,Nightmare,,
523087989,Primary Attack,AB_Legion_Vargulf_SlicingArm_AbilityGroup,Other,CloseRange,Combo,auto,,,Unreviewed,,Combo,,,Slaughterbeast,,
-1659620404,Primary Attack,AB_Monster_FinalMelee_AbilityGroup,Other,Aimed,Combo,auto,,,Unreviewed,,Combo,,,Adam the Firstborn,,
-413053555,Primary Attack,AB_Pistols_Primary_Attack_Mounted_AbilityGroup,Other,Aimed,Combo,auto,,,Unreviewed,,Combo,,,,,
138513891,Primary Attack,AB_SkeletonSoldier_Shared_Melee_Group,Other,CloseRange,Combo,auto,,,Unreviewed,,Combo,,,Armoured Skeleton,,
1805214524,Primary Attack,AB_Undead_Assassin_DoubleStrike_AbilityGroup,Other,CloseRange,Combo,auto,,,Unreviewed,,Combo,,,Undead Assassin,,
575048784,Primary Attack,AB_Undead_GhostAssassin_DoubleStrike_AbilityGroup,Other,CloseRange,Combo,auto,,,Unreviewed,,Combo,,,Ghost Assassin,,
-2092537748,Primary Attack,AB_Undead_GhostGuardian_AttackChain_Group,Other,CloseRange,Combo,auto,,,Unreviewed,,Combo,,,Ghost Guardian,,
1254118139,Primary Attack,AB_Undead_Guardian_AttackChain_Group,Other,CloseRange,Combo,auto,,,Unreviewed,,Combo,,,Undead Guardian,,
1294567037,Primary Attack,AB_Undead_Guardian_MinionAttackChain_AbilityGroup,Other,CloseRange,Combo,auto,,,Unreviewed,,Combo,,,,,
1456136938,Primary Attack,AB_Undead_Infiltrator_DoubleStrike_AbilityGroup,Other,CloseRange,Combo,auto,,,Unreviewed,,Combo,,,Primal Blood Soul,,
684476797,Primary Attack,AB_Unholy_DeathKnight_MeleeCombo_Group,Other,Summon,Combo,auto,,,Unreviewed,,Combo,,,Unholy Death Knight,,
992015964,Primary Attack,AB_Vampire_BloodKnight_BasicSpearDance_AbilityGroup,Other,CloseRange,Combo,auto,,,Unreviewed,,Combo,,,General Valencia the Depraved,,
-847327302,Primary Attack,AB_Vampire_Dracula_SliceNDice_AbilityGroup,Other,CloseRange,Combo,auto,,,Unreviewed,,Combo,,,Dracula the Immortal King,,
-1428882023,Primary Attack,AB_Vampire_GreatSword_Primary_Moving_AbilityGroup,Other,CloseRange,Combo,auto,,,Unreviewed,,Combo,,,,,
-208121356,Primary Attack,AB_Vampire_Spear_Primary_Attack_Group,Other,CloseRange,Combo,auto,,,Unreviewed,,Combo,,,,,
1752758196,Primary Attack,AB_Vampire_Whip_Primary_AbilityGroup,Other,CloseRange,Combo,auto,,,Unreviewed,,Combo,,,,,
1878838878,Primary Attack,AB_Voltage_KickCombo_AbilityGroup,Other,CloseRange,Combo,auto,,,Unreviewed,,Combo,,,Domina the Blade Dancer,,
-1683730497,Primary Attack,AB_Wendigo_IcicleThrow_AbilityGroup,Other,Aimed,Combo,auto,,,Unreviewed,,Combo,,,Frostmaw the Mountain Terror,,
-174926399,Primary Attack,AB_WerewolfChieftain_MultiBite_AbilityGroup,Other,CloseRange,Combo,auto,,,Unreviewed,,Combo,,,Willfred the Village Elder,,
-905574209,Primary Attack,AB_Winter_Yeti_TrippleAttack_AbilityGroup,Other,CloseRange,Combo,auto,,,Unreviewed,,Combo,,,Terrorclaw the Ogre,,
189403977,Sanguine Coil,AB_Blood_SanguineCoil_AbilityGroup,Blood|Offensive,Aimed,Combo,auto,,,Unreviewed,,Combo,,,,,
-1473399128,Shockwave,AB_Vampire_Dracula_ShockwaveFastSlash_AbilityGroup,Other,Aimed,Combo,auto,,,Unreviewed,,Combo,,,Dracula the Immortal King,,
364141768,Shockwave,AB_Vampire_Dracula_ShockwaveSlash_AbilityGroup,Other,Aimed,Combo,auto,,,Unreviewed,,Combo,,,Dracula the Immortal King,,
-1779071085,Spider Queen Spawn Adds,AB_Spider_Queen_SpawnAdds_AbilityGroup,Other,Summon,Combo,auto,,,Unreviewed,,Combo,,,Ungora the Spider Queen,,
-1781725233,Undead Arena Champion Sweep Attacks,AB_Undead_ArenaChampion_SweepAttacks_AbilityGroup,,CloseRange,Combo,auto,,,Unreviewed,,Combo,,,,,
-2023636973,Undead Arena Champion Windslash,AB_Undead_ArenaChampion_Windslash_AbilityGroup,,Aimed,Combo,auto,,,Unreviewed,,Combo,,,,,
852659329,Undead Bishop Of Death Small Explosion,AB_Undead_BishopOfDeath_SmallExplosion_AbilityGroup,,Aimed,Combo,auto,,,Unreviewed,,Combo,,,,,
1621601748,Undead Infiltrator Knife Throw,AB_Undead_Infiltrator_KnifeThrow_AbilityGroup,Other,Aimed,Combo,auto,,,Unreviewed,,Combo,,,Primal Blood Soul,,
-818533945,Undead Skeleton Apprentice Minion Projectile,AB_Undead_SkeletonApprentice_Minion_Projectile_AbilityGroup,Other,Aimed,Combo,auto,,,Unreviewed,,Combo,,,,,
-20539715,Undead Skeleton Apprentice Projectile,AB_Undead_SkeletonApprentice_Projectile_AbilityGroup,Other,Aimed,Combo,auto,,,Unreviewed,,Combo,,,Skeleton Mage,,
604882732,Unholy Skeleton Apprentice Projectile,AB_Unholy_SkeletonApprentice_Projectile_AbilityGroup,Other,Aimed,Combo,auto,,,Unreviewed,,Combo,,,Skeleton Mage,,
-655343218,Vampire Pollaxe Primary Attack,AB_Vampire_Pollaxe_Primary_Attack_AbilityGroup,,CloseRange,Combo,auto,,,Unreviewed,,Combo,,,,,
-2013216961,VHunter Jade Revolvers,AB_VHunter_Jade_Revolvers2_Group,Other,Aimed,Combo,auto,,,Unreviewed,,Combo,,,Jade the Vampire Hunter,,
1196517991,VHunter Jade Revolvers,AB_VHunter_Jade_Revolvers3_Group,Other,Aimed,Combo,auto,,,Unreviewed,,Combo,,,Jade the Vampire Hunter,,
688350142,VHunter Jade Revolvers,AB_VHunter_Jade_Revolvers4_Group,Other,Aimed,Combo,auto,,,Unreviewed,,Combo,,,Jade the Vampire Hunter,,
-1783782358,VHunter Jade Revolvers,AB_VHunter_Jade_Revolvers_Group,Other,Aimed,Combo,auto,,,Unreviewed,,Combo,,,Jade the Vampire Hunter,,
280173050,Wolf Boss Dash Attack Double,AB_Wolf_Boss_DashAttack_Double_AbilityGroup,Other,CloseRange,Combo|Channel,auto,,,Unreviewed,,Combo,,,白色头狼,,
-1161539168,Wolf Boss Dash Attack Tripple,AB_Wolf_Boss_DashAttack_Tripple_AbilityGroup,Other,CloseRange,Combo|Channel,auto,,,Unreviewed,,Combo,,,"Alpha, der weiße Wolf",,
-1490887838,Основная атака,AB_Pistols_Primary_Attack_AbilityGroup,Other,Summon,Combo,auto,,,Unreviewed,,Combo,,,,,
346834991,การโจมตีหลัก,AB_Undead_Leader_MeleeStandard_Group,Other,CloseRange,Combo,auto,,,Unreviewed,,Combo,,,ครีก ผู้บัญชาการเหล่าอันเดด,,
377778793,A Thousand Spears,AB_Spear_AThousandSpears_Stab_AbilityGroup,Other,Aimed,,auto,,,Unreviewed,,Conditional,,,,,
1420346034,Aerial Whip Twirl,AB_Vampire_Whip_Dash_AbilityGroup,Other,CloseRange,,auto,,,Unreviewed,,Conditional,,,,,
1575317901,Aftershock,AB_Chaos_Aftershock_Group,Chaos|Offensive,Aimed,,auto,,,Unreviewed,,Conditional,,,,,
1187623532,Arch Mage Crystal Lance Charged,AB_ArchMage_CrystalLance_Charged_AbilityGroup,Other,Aimed,Channel,auto,,,Unreviewed,,Conditional,,,Mairwyn the Elementalist,,
1217615468,Arch Mage Fire Spinner,AB_ArchMage_FireSpinner_AbilityGroup,Other,Aimed,Channel,auto,,,Unreviewed,,Conditional,,,Mairwyn the Elementalist,,
-1232816408,Arch Mage Lightning Arc,AB_ArchMage_LightningArc_AbilityGroup,Other,Aimed,,auto,,,Unreviewed,,Conditional,,,Mairwyn az Elementalista,,
1365358996,Arch Mage Lightning Curse,AB_ArchMage_LightningCurse_AbilityGroup,Other,Aimed,,auto,,,Unreviewed,,Conditional,,,Mairwyn the Elementalist,,
-751119210,Archer Projectile,AB_Archer_Projectile_Group,Other,Aimed,,auto,,,Unreviewed,,Conditional,,,Archer,,
1450902136,Arctic Leap,AB_BatVampire_AirDrop_HARD_AbilityGroup,Other,Aimed,,auto,,,Unreviewed,,Conditional,,,Lord Styx the Night Champion,,
-66831677,Arctic Leap,AB_BatVampire_JumpStrike_AbilityGroup,Other,Aimed,,auto,,,Unreviewed,,Conditional,,,Lord Styx the Night Champion,,
1146467217,Arctic Leap,AB_BatVampire_QuickTeleport_AbilityGroup,Other,Aimed,,auto,,,Unreviewed,,Conditional,,,Lord Styx the Night Champion,,
-597709516,Arctic Leap,AB_BatVampire_SummonMinions_AbilityGroup,Other,Summon,Channel,auto,,,Unreviewed,,Conditional,,,Lord Styx the Night Champion,,
-1684997624,Arctic Leap,AB_Cursed_MonsterToad_LeapAttack_Travel_AbilityGroup,Other,Aimed,,auto,,,Unreviewed,,Conditional,,,Cursed Slime Toad,,
1439273397,Arctic Leap,AB_Cursed_MountainBeast_Enrage_Travel_AbilityGroup,Other,Aimed,,auto,,,Unreviewed,,Conditional,,,Gorecrusher the Behemoth,,
-1574537639,Arctic Leap,AB_Cursed_MountainBeast_GhostCall_AbilityGroup,Other,CloseRange,,auto,,,Unreviewed,,Conditional,,,Gorecrusher the Behemoth,,
-130931989,Arctic Leap,AB_Cursed_MountainBeast_LeapAttack_Travel_AbilityGroup,Other,Aimed,,auto,,,Unreviewed,,Conditional,,,Gorecrusher the Behemoth,,
-430375110,Arctic Leap,AB_Cursed_MountainBeast_SpiritDouble_AbilityGroup,Other,Summon,,auto,,,Unreviewed,,Conditional,,,Gorecrusher the Behemoth,,
1808492070,Arctic Leap,AB_Cursed_ToadKing_FrogSplit_Travel_AbilityGroup,Other,Summon,,auto,,,Unreviewed,,Conditional,,,Albert the Duke of Balaton,,
1790744720,Arctic Leap,AB_Cursed_ToadKing_PoisonLeap_Travel_AbilityGroup,Other,Aimed,,auto,,,Unreviewed,,Conditional,,,Albert the Duke of Balaton,,
1966330719,Arctic Leap,AB_Frost_ArcticLeap_AbilityGroup,Frost|Ultimate,Movement,,auto,,,Unreviewed,,Conditional,,,,,
938684260,Arctic Leap,AB_HighLord_LeapStrike_AbilityGroup,Other,Movement,,auto,,,Unreviewed,,Conditional,,,General Cassius the Betrayer,,
-604910466,Arctic Leap,AB_HighLord_UnholyWarp_AbilityGroup,Other,Aimed,,auto,,,Unreviewed,,Conditional,,,General Cassius the Betrayer,,
1741189817,Arctic Leap,AB_Legion_Gargoyle_Relocate_Forward_Travel_AbilityGroup,Other,Movement,,auto,,,Unreviewed,,Conditional,,,Beatrice the Tailor,,
-2036638378,Arctic Leap,AB_Legion_NightMaiden_EvadeGlide_Travel_AbilityGroup,Other,Aimed,,auto,,,Unreviewed,,Conditional,,,Night Maiden,,
-1229087512,Arctic Leap,AB_Legion_Vargulf_MaulSetup_TravelLeft_AbilityGroup,Other,Movement,,auto,,,Unreviewed,,Conditional,,,Slaughterbeast,,
-225237355,Arctic Leap,AB_Militia_Glassblower_WindDash_Group,Other,CloseRange,Channel,auto,,,Unreviewed,,Conditional,,,Grethel the Glassblower,,
-1843696472,Arctic Leap,AB_Militia_Leader_DodgeRoll_Left_AbilityGroup,Other,Movement,,auto,,,Unreviewed,,Conditional,,,Octavian the Militia Captain,,
1946568656,Arctic Leap,AB_Militia_Leader_DodgeRoll_Right_AbilityGroup,Other,Movement,,auto,,,Unreviewed,,Conditional,,,Octavian the Militia Captain,,
-1008562275,Arctic Leap,AB_Militia_Scribe_WhackAScribe_Travel_AbilityGroup,Other,CloseRange,Channel,auto,,,Unreviewed,,Conditional,,,Maja the Dark Savant,,
1492585365,Arctic Leap,AB_Monster_LightningSlam_Land_AbilityGroup,Other,Aimed,,auto,,,Unreviewed,,Conditional,,,Adam the Firstborn,,
1795073911,Arctic Leap,AB_Monster_LightningSlam_LiftOff_AbilityGroup,Other,Aimed,,auto,,,Unreviewed,,Conditional,,,Adam the Firstborn,,
-2054557525,Arctic Leap,AB_Monster_WarpSlam_AbilityGroup,Other,Aimed,,auto,,,Unreviewed,,Conditional,,,Adam the Firstborn,,
294532069,Arctic Leap,AB_RockElemental_Leap_AbilityGroup,Other,Aimed,,auto,,,Unreviewed,,Conditional,,,Rock Elemental,,
-809284772,Arctic Leap,AB_Undead_CursedSmith_Summon_Weapon_AbilityGroup,Other,Summon,Channel,auto,,,Unreviewed,,Conditional,,,,,
847476786,Arctic Leap,AB_Undead_CursedSmith_Summon_WeaponAll_AbilityGroup,Other,Aimed,,auto,,,Unreviewed,,Conditional,,,Cyril the Cursed Smith,,
-1889094547,Arctic Leap,AB_Undead_CursedSmith_Summon_WeaponAxe_AbilityGroup,Other,Summon,Channel,auto,,,Unreviewed,,Conditional,,,Cyril the Cursed Smith,,
546685538,Arctic Leap,AB_Undead_CursedSmith_Summon_WeaponMace_AbilityGroup,Other,Summon,Channel,auto,,,Unreviewed,,Conditional,,,Cyril the Cursed Smith,,
151173850,Arctic Leap,AB_Undead_CursedSmith_Summon_WeaponSlashers_AbilityGroup,Other,Summon,Channel,auto,,,Unreviewed,,Conditional,,,Cyril the Cursed Smith,,
1162725480,Arctic Leap,AB_Undead_CursedSmith_Summon_WeaponSpear_AbilityGroup,Other,Summon,Channel,auto,,,Unreviewed,,Conditional,,,Cyril the Cursed Smith,,
-332863103,Arctic Leap,AB_Undead_CursedSmith_Summon_WeaponSword_AbilityGroup,Other,Summon,Channel,auto,,,Unreviewed,,Conditional,,,Cyril the Cursed Smith,,
948587795,Arctic Leap,AB_Undead_Leader_SpinningDash_Group,Other,CloseRange,Channel,auto,,,Unreviewed,,Conditional,,,Kriig the Undead General,,
1826128809,Arctic Leap,AB_Vampire_BloodKnight_SkeweringLeap_AbilityGroup,Other,Aimed,,auto,,,Unreviewed,,Conditional,,,General Valencia the Depraved,,
-1759227484,Arctic Leap,AB_Vampire_BloodKnight_SkeweringLeap_Disengage_AbilityGroup,Other,Movement,,auto,,,Unreviewed,,Conditional,,,General Valencia the Depraved,,
1128466169,Arctic Leap,AB_Vampire_Dracula_Feed_AbilityGroup,Other,Summon,,auto,,,Unreviewed,,Conditional,,,Dracula the Immortal King,,
-1940289109,Arctic Leap,AB_Vampire_Dracula_QuickTeleport_AbilityGroup,Other,Aimed,,auto,,,Unreviewed,,Conditional,,,Dracula the Immortal King,,
-1589312992,Arctic Leap,AB_Vampire_Dracula_QuickTeleportChase_AbilityGroup,Other,Aimed,,auto,,,Unreviewed,,Conditional,,,Dracula the Immortal King,,
-703291679,Arctic Leap,AB_Vampire_Dracula_QuickTeleportPillar_AbilityGroup,Other,CloseRange,,auto,,,Unreviewed,,Conditional,,,Dracula the Immortal King,,
-1031474651,Arctic Leap,AB_Vampire_Dracula_TravelToCenter_AbilityGroup,Other,Movement,,auto,,,Unreviewed,,Conditional,,,Dracula the Immortal King,,
1205896854,Arctic Leap,AB_Winter_Yeti_AntarcticLeap_AbilityGroup,Other,Aimed,,auto,,,Unreviewed,,Conditional,,,Terrorclaw the Ogre,,
-252663641,Arctic Leap,AB_Winter_Yeti_Enrage_Travel_AbilityGroup,Other,Aimed,,auto,,,Unreviewed,,Conditional,,,Terrorclaw the Ogre,,
320434570,Arctic Leap,AB_Winter_Yeti_GrabIcicle_Roar_AbilityGroup,Other,CloseRange,,auto,,,Unreviewed,,Conditional,,,Terrorclaw the Ogre,,
1938535864,Arctic Leap,AB_WormTerror_Dig_Travel_AbilityGroup,Other,Movement,,auto,,,Unreviewed,,Conditional,,,Worm Terror,,
-1781779733,Army of the Dead,AB_Unholy_ArmyOfTheDead_AbilityGroup,Unholy|Ultimate,Summon,,auto,,,Unreviewed,,Conditional,,,,,
797495975,Atak podstawowy,AB_Werewolf_Howl_Group,Other,CloseRange,,auto,,,Unreviewed,,Conditional,,,Wieśniak,,
-367310449,Ataque Primário,AB_Militia_HoundMaster_Shove_AbilityGroup,Other,CloseRange,,auto,,,Unreviewed,,Conditional,,,Homem,,
-1031367685,Attacco primario,AB_Unholy_UnstableArarchnid_Explode_Small_AbilityGroup,Other,Summon,,auto,,,Unreviewed,,Conditional,,,Ragno instabile,,
-1754787506,Attaque principale,AB_ArchMage_FlameSphere_Dash_AbilityGroup,Other,Movement,Channel,auto,,,Unreviewed,,Conditional,,,,,
2015521421,Attaque principale,AB_Cursed_MonsterToad_TongueGrab_AbilityGroup,Other,CloseRange,,auto,,,Unreviewed,,Conditional,,,Crapaud visqueux maudit,,
1249925269,Ball Lightning,AB_Storm_BallLightning_AbilityGroup,Storm|Offensive,Aimed,,auto,,,Unreviewed,,Conditional,,,,,
-440373841,Ball Lightning,AB_Storm_BallLightning_SpellMod_Recast_AbilityGroup,Other,CloseRange,,auto,,,Unreviewed,,Conditional,,,,,
-1743551272,Bandit Bomb Throw,AB_Bandit_BombThrow_AbilityGroup,Other,CloseRange,,auto,,,Unreviewed,,Conditional,,,Bomber,,
-444905742,Bandit Cluster Bomb Throw,AB_Bandit_ClusterBombThrow_AbilityGroup,Other,CloseRange,,auto,,,Unreviewed,,Conditional,,,Clive the Firestarter,,
1336193986,Bandit Deadeye Ranged Attack,AB_Bandit_Deadeye_RangedAttack_Group,Other,Aimed,Channel,auto,,,Unreviewed,,Conditional,,,Deadeye,,
643209588,Bandit Fisherman Fish Hook,AB_Bandit_Fisherman_FishHook_AbilityGroup,Other,Aimed,,auto,,,Unreviewed,,Conditional,,,渔夫芬恩,,
571532506,Bandit Fisherman Serpent Feed,AB_Bandit_Fisherman_SerpentFeed_AbilityGroup,Other,CloseRange,Channel,auto,,,Unreviewed,,Conditional,,,Finn the Fisherman,,
-2010697707,Bandit Foreman Crossbow,AB_Bandit_Foreman_Crossbow_Group,Other,Aimed,Channel,auto,,,Unreviewed,,Conditional,,,Lesser Blood Soul,,
-1100933071,Bandit Foreman Crossbow Blood Rage,AB_Bandit_Foreman_Crossbow_BloodRage_Group,Other,Aimed,,auto,,,Unreviewed,,Conditional,,,Lesser Blood Soul,,
-1326540020,Bandit Foreman Rapid Shot,AB_Bandit_Foreman_RapidShot_AbilityGroup,Other,Aimed,,auto,,,Unreviewed,,Conditional,,,Lesser Blood Soul,,
1914101495,Bandit Foreman Reinforcement,AB_Bandit_Foreman_Reinforcement_Group,Other,Summon,Channel,auto,,,Unreviewed,,Conditional,,,Lesser Blood Soul,,
2130985273,Bandit Foreman Throw Net,AB_Bandit_Foreman_ThrowNet_Group,Other,CloseRange,,auto,,,Unreviewed,,Conditional,,,Lesser Blood Soul,,
-39311902,Bandit Hunter Bow,AB_Bandit_Hunter_Bow_Group,Other,Aimed,Channel,auto,,,Unreviewed,,Conditional,,,Poacher,,
-1854347593,Bandit Leader Call Wolf,AB_Bandit_Leader_CallWolf_AbilityGroup,Other,Summon,Channel,auto,,,Unreviewed,,Conditional,,,Quincey the Marauder,,
920868547,Bandit Leader Strafe,AB_Bandit_Leader_Strafe_Group,Other,Aimed,,auto,,,Unreviewed,,Conditional,,,Quincey the Marauder,,
1550497814,Bandit Leader Throw Net,AB_Bandit_Leader_ThrowNet_Group,Other,CloseRange,,auto,,,Unreviewed,,Conditional,,,Quincey the Marauder,,
-1997657671,Bandit Stalker Projectile,AB_Bandit_Stalker_Projectile_Group,Other,Aimed,Channel,auto,,,Unreviewed,,Conditional,,,Stalker,,
-1749428209,Bandit Stalker VBlood Reinforcement,AB_Bandit_Stalker_VBlood_Reinforcement_Group,Other,Summon,,auto,,,Unreviewed,,Conditional,,,Grayson the Armourer,,
1267543813,Bandit Stone Breaker VBlood Reinforcement,AB_Bandit_StoneBreaker_VBlood_Reinforcement_Group,Other,Summon,,auto,,,Unreviewed,,Conditional,,,Errol the Stonebreaker,,
-3835897,Bandit Tourok VBlood Call Reinforcements,AB_Bandit_Tourok_VBlood_CallReinforcements_AbilityGroup,Other,Summon,,auto,,,Unreviewed,,Conditional,,,Quincey the Bandit King,,
840159262,Bandit Tourok VBlood Chaos Charge,AB_Bandit_Tourok_VBlood_ChaosCharge_AbilityGroup,Other,CloseRange,,auto,,,Unreviewed,,Conditional,,,Quincey the Bandit King,,
82350674,Bandit Tourok VBlood Rage Of Chaos Charge,AB_Bandit_Tourok_VBlood_RageOfChaos_Charge_AbilityGroup,Other,CloseRange,,auto,,,Unreviewed,,Conditional,,,Quincey the Bandit King,,
-309308308,Bandit Trapper Net Throw,AB_Bandit_Trapper_NetThrow_AbilityGroup,Other,CloseRange,,auto,,,Unreviewed,,Conditional,,,Trapper,,
-1176933244,Barrel Roll,AB_BarrelDisguise_BarrelRoll_AbilityGroup,Other,CloseRange,,auto,,,Unreviewed,,Conditional,,,,,
-1252510507,Barrel Roll,AB_Sommelier_BarrelMinion_BarrelRoll_AbilityGroup,Other,CloseRange,,auto,,,Unreviewed,,Conditional,,,Barrel Disguise,,
-254080557,Bat Vampire Bat Storm,AB_BatVampire_BatStorm_AbilityGroup,Other,CloseRange,Channel,auto,,,Unreviewed,,Conditional,,,Lord Styx the Night Champion,,
716346677,Bat Vampire Bat Swarm,AB_BatVampire_BatSwarm_AbilityGroup,Other,Aimed,Channel,auto,,,Unreviewed,,Conditional,,,Lord Styx the Night Champion,,
1416508240,Bat Vampire Night Dash,AB_BatVampire_NightDash_AbilityGroup,Other,Movement,,auto,,,Unreviewed,,Conditional,,,Lord Styx the Night Champion,,
-1648920159,Bat Vampire Night Dash Dash,AB_BatVampire_NightDash_Dash_AbilityGroup,Other,CloseRange,,auto,,,Unreviewed,,Conditional,,,Lord Styx the Night Champion,,
-1756745786,Bear Corrupted Area Attack,AB_Bear_Corrupted_AreaAttack_Group,,CloseRange,Channel,auto,,,Unreviewed,,Conditional,,,,,
-730437928,Bear Cursed Dash,AB_Bear_Cursed_Dash_Group,Other,CloseRange,,auto,,,Unreviewed,,Conditional,,,Cursed Bear,,
-1709055711,Bear Dire Dash,AB_Bear_Dire_Dash_AbilityGroup,Other,CloseRange,,auto,,,Unreviewed,,Conditional,,,Kodia the Ferocious Bear,,
922419960,Birincil Saldırı,AB_ChurchOfLight_Paladin_ChargedSwing_AbilityGroup,Other,CloseRange,,auto,,,Unreviewed,,Conditional,,,Pirüpak Solarus,,
2005435470,Birincil Saldırı,AB_ChurchOfLight_SmiteOrb_Smite_AbilityGroup,Other,CloseRange,,auto,,,Unreviewed,,Conditional,,,Milis Tüfekçisi,,
-1573201851,Blackfang Alchemist Roll,AB_Blackfang_Alchemist_Roll_AbilityGroup,,Movement,,auto,,,Unreviewed,,Conditional,,,,,
1798105602,Blackfang Carver Boss Body Slam,AB_Blackfang_CarverBoss_BodySlam_AbilityGroup,,Aimed,,auto,,,Unreviewed,,Conditional,,,,,
74226303,Blackfang Carver Boss Chop Chop,AB_Blackfang_CarverBoss_ChopChop_AbilityGroup,,CloseRange,,auto,,,Unreviewed,,Conditional,,,,,
-1796211602,Blackfang Carver Boss Chop Leap,AB_Blackfang_CarverBoss_ChopLeap_AbilityGroup,,Aimed,,auto,,,Unreviewed,,Conditional,,,,,
964878669,Blackfang Carver Boss Coat Weapon,AB_Blackfang_CarverBoss_CoatWeapon_AbilityGroup,,CloseRange,,auto,,,Unreviewed,,Conditional,,,,,
1147924409,Blackfang Carver Boss Mega Chop Leap,AB_Blackfang_CarverBoss_MegaChopLeap_AbilityGroup,,Movement,,auto,,,Unreviewed,,Conditional,,,,,
-68142483,Blackfang Carver Boss Single Throw,AB_Blackfang_CarverBoss_SingleThrow_AbilityGroup,,Aimed,,auto,,,Unreviewed,,Conditional,,,,,
-1592003626,Blackfang Carver Boss Summon Carvers,AB_Blackfang_CarverBoss_SummonCarvers_AbilityGroup,,Summon,,auto,,,Unreviewed,,Conditional,,,,,
1290253258,Blackfang Carver Boss Throw Corruption,AB_Blackfang_CarverBoss_ThrowCorruption_AbilityGroup,,CloseRange,Channel,auto,,,Unreviewed,,Conditional,,,,,
-1808411682,Blackfang Carver Boss Ultra Mega Chop Leap,AB_Blackfang_CarverBoss_UltraMegaChopLeap_AbilityGroup,,Movement,,auto,,,Unreviewed,,Conditional,,,,,
-1193077056,Blackfang Carver Boss Weapon Throw,AB_Blackfang_CarverBoss_WeaponThrow_AbilityGroup,,Aimed,,auto,,,Unreviewed,,Conditional,,,,,
1705726981,Blackfang Carver Boss Weapon Throw Intense,AB_Blackfang_CarverBoss_WeaponThrow_Intense_AbilityGroup,,Aimed,,auto,,,Unreviewed,,Conditional,,,,,
1318543111,Blackfang Livith Dash,AB_Blackfang_Livith_Dash_AbilityGroup,,Movement,,auto,,,Unreviewed,,Conditional,,,,,
-385314771,Blackfang Livith Round Kick,AB_Blackfang_Livith_RoundKick_AbilityGroup,,CloseRange,,auto,,,Unreviewed,,Conditional,,,,,
168833229,Blackfang Livith Shadow Dance,AB_Blackfang_Livith_ShadowDance_AbilityGroup,,Summon,,auto,,,Unreviewed,,Conditional,,,,,
-407341422,Blackfang Livith Slicing Dash,AB_Blackfang_Livith_SlicingDash_AbilityGroup,,Aimed,Channel,auto,,,Unreviewed,,Conditional,,,,,
1261373899,Blackfang Livith Slicing Dash Single,AB_Blackfang_Livith_SlicingDash_Single_AbilityGroup,,Aimed,Channel,auto,,,Unreviewed,,Conditional,,,,,
-1372642162,Blackfang Livith Stealth Attack,AB_Blackfang_Livith_StealthAttack_AbilityGroup,,CloseRange,,auto,,,Unreviewed,,Conditional,,,,,
1298623256,Blackfang Morgana Corruption Fountain,AB_Blackfang_Morgana_CorruptionFountain_AbilityGroup,,CloseRange,,auto,,,Unreviewed,,Conditional,,,,,
325438116,Blackfang Morgana Corruption Fountain Far,AB_Blackfang_Morgana_CorruptionFountain_Far_AbilityGroup,,CloseRange,,auto,,,Unreviewed,,Conditional,,,,,
846291757,Blackfang Morgana Cross Wind Slash,AB_Blackfang_Morgana_CrossWindSlash_AbilityGroup,,CloseRange,,auto,,,Unreviewed,,Conditional,,,,,
-63677606,Blackfang Morgana Down Horizontal Slash Left,AB_Blackfang_Morgana_DownHorizontalSlash_Left_AbilityGroup,,CloseRange,Channel,auto,,,Unreviewed,,Conditional,,,,,
-1736482208,Blackfang Morgana Down Horizontal Slash Right,AB_Blackfang_Morgana_DownHorizontalSlash_Right_AbilityGroup,,CloseRange,Channel,auto,,,Unreviewed,,Conditional,,,,,
734658196,Blackfang Morgana Eye Of The Corruption Setup,AB_Blackfang_Morgana_EyeOfTheCorruption_Setup_AbilityGroup,,CloseRange,Channel,auto,,,Unreviewed,,Conditional,,,,,
-668068170,Blackfang Morgana Ground Piercer,AB_Blackfang_Morgana_GroundPiercer_AbilityGroup,,Aimed,,auto,,,Unreviewed,,Conditional,,,,,
1684080967,Blackfang Morgana Looming Mists Combat Tag,AB_Blackfang_Morgana_LoomingMists_CombatTag_AbilityGroup,,Summon,,auto,,,Unreviewed,,Conditional,,,,,
898624706,Blackfang Morgana Spectral Beam Slow,AB_Blackfang_Morgana_SpectralBeamSlow_AbilityGroup,,Aimed,,auto,,,Unreviewed,,Conditional,,,,,
1173842428,Blackfang Morgana Spectral Blast,AB_Blackfang_Morgana_SpectralBlast_AbilityGroup,,CloseRange,Channel,auto,,,Unreviewed,,Conditional,,,,,
-1681336728,Blackfang Morgana Spectral Blast Humanoid,AB_Blackfang_Morgana_SpectralBlast_Humanoid_AbilityGroup,,CloseRange,,auto,,,Unreviewed,,Conditional,,,,,
1185642044,Blackfang Morgana Spectral Hell,AB_Blackfang_Morgana_SpectralHell_AbilityGroup,,Aimed,,auto,,,Unreviewed,,Conditional,,,,,
-135866689,Blackfang Morgana Spectral Hell Far,AB_Blackfang_Morgana_SpectralHell_Far_AbilityGroup,,Aimed,,auto,,,Unreviewed,,Conditional,,,,,
1680946425,Blackfang Morgana Summon Corrupted Vines,AB_Blackfang_Morgana_SummonCorruptedVines_AbilityGroup,,Summon,Channel,auto,,,Unreviewed,,Conditional,,,,,
-195933675,Blackfang Morgana Summon Tail,AB_Blackfang_Morgana_SummonTail_AbilityGroup,,Summon,,auto,,,Unreviewed,,Conditional,,,,,
-690426342,Blackfang Morgana Transformation,AB_Blackfang_Morgana_Transformation_AbilityGroup,,CloseRange,Channel,auto,,,Unreviewed,,Conditional,,,,,
-918633640,Blackfang Morgana Travel To Position,AB_Blackfang_Morgana_TravelToPosition_AbilityGroup,,Movement,,auto,,,Unreviewed,,Conditional,,,,,
1673956324,Blackfang Morgana Travel To Position Emerge,AB_Blackfang_Morgana_TravelToPosition_Emerge_AbilityGroup,,Movement,Channel,auto,,,Unreviewed,,Conditional,,,,,
1059128,Blackfang Morgana Travel To Position Hidden,AB_Blackfang_Morgana_TravelToPosition_Hidden_AbilityGroup,,Movement,,auto,,,Unreviewed,,Conditional,,,,,
-1980019894,Blackfang Morgana Travel To Position Swarm,AB_Blackfang_Morgana_TravelToPosition_Swarm_AbilityGroup,,Movement,Channel,auto,,,Unreviewed,,Conditional,,,,,
690549364,Blackfang Morgana Travel To Position Tail,AB_Blackfang_Morgana_TravelToPosition_Tail_AbilityGroup,,Movement,,auto,,,Unreviewed,,Conditional,,,,,
438919203,Blackfang Morgana Travel To Position Tail Emerge,AB_Blackfang_Morgana_TravelToPosition_TailEmerge_AbilityGroup,,Movement,,auto,,,Unreviewed,,Conditional,,,,,
1242557903,Blackfang Morgana Traveling Orb Barrage,AB_Blackfang_Morgana_TravelingOrbBarrage_AbilityGroup,,Movement,,auto,,,Unreviewed,,Conditional,,,,,
29969582,Blackfang Morganas Tail Stinger Single,AB_Blackfang_MorganasTail_Stinger_Single_AbilityGroup,,Aimed,,auto,,,Unreviewed,,Conditional,,,,,
62301155,Blackfang Morganas Tail Tail Slam,AB_Blackfang_MorganasTail_TailSlam_AbilityGroup,,CloseRange,,auto,,,Unreviewed,,Conditional,,,,,
596395337,Blackfang Peon Carrying Barrel Melee,AB_Blackfang_PeonCarryingBarrel_Melee_AbilityGroup,,CloseRange,,auto,,,Unreviewed,,Conditional,,,,,
-1869018808,Blackfang Peon Carrying Barrel Throw Barrel,AB_Blackfang_PeonCarryingBarrel_ThrowBarrel_AbilityGroup,,CloseRange,,auto,,,Unreviewed,,Conditional,,,,,
936609695,Blackfang Peon Log Carryer Melee,AB_Blackfang_PeonLogCarryer_Melee_AbilityGroup,,CloseRange,,auto,,,Unreviewed,,Conditional,,,,,
2107551739,Blackfang Peon Melee,AB_Blackfang_Peon_Melee_AbilityGroup,,CloseRange,,auto,,,Unreviewed,,Conditional,,,,,
-637041016,Blackfang Sentinel Counter Attack Kick,AB_Blackfang_Sentinel_CounterAttack_Kick_AbilityGroup,,CloseRange,,auto,,,Unreviewed,,Conditional,,,,,
170206690,Blackfang Sentinel Counter Attack Strike,AB_Blackfang_Sentinel_CounterAttack_Strike_AbilityGroup,,CloseRange,,auto,,,Unreviewed,,Conditional,,,,,
-100357751,Blackfang Sentinel Heavy Swing,AB_Blackfang_Sentinel_HeavySwing_AbilityGroup,,CloseRange,Channel,auto,,,Unreviewed,,Conditional,,,,,
-2067963108,Blackfang Sentinel Normal Swing,AB_Blackfang_Sentinel_NormalSwing_AbilityGroup,,CloseRange,,auto,,,Unreviewed,,Conditional,,,,,
-1138991224,Blackfang Sentinel Ram,AB_Blackfang_Sentinel_Ram_AbilityGroup,,CloseRange,,auto,,,Unreviewed,,Conditional,,,,,
481790231,Blackfang Sentinel Shockwave,AB_Blackfang_Sentinel_Shockwave_AbilityGroup,,CloseRange,Channel,auto,,,Unreviewed,,Conditional,,,,,
1213228171,Blackfang Striker Charge Attack,AB_Blackfang_Striker_ChargeAttack_AbilityGroup,,Aimed,,auto,,,Unreviewed,,Conditional,,,,,
1105771640,Blackfang Striker Power Punch,AB_Blackfang_Striker_PowerPunch_AbilityGroup,,CloseRange,,auto,,,Unreviewed,,Conditional,,,,,
140047325,Blackfang Valyr Phase Dual Tackle,AB_Blackfang_Valyr_PhaseDual_Tackle_AbilityGroup,,CloseRange,,auto,,,Unreviewed,,Conditional,,,,,
-845442935,Blackfang Valyr Phase Single Charge,AB_Blackfang_Valyr_PhaseSingle_Charge_AbilityGroup,,Aimed,,auto,,,Unreviewed,,Conditional,,,,,
1590188261,Blackfang Valyr Phase Single Smack,AB_Blackfang_Valyr_PhaseSingle_Smack_AbilityGroup,,CloseRange,,auto,,,Unreviewed,,Conditional,,,,,
-405003450,Blackfang Valyr Phase Single Vault Attack,AB_Blackfang_Valyr_PhaseSingle_VaultAttack_AbilityGroup,,Aimed,,auto,,,Unreviewed,,Conditional,,,,,
1797731340,Blackfang Venomblade Leap,AB_Blackfang_Venomblade_Leap_AbilityGroup,,Movement,,auto,,,Unreviewed,,Conditional,,,,,
1944086996,Blackfang Venomblade Sprint,AB_Blackfang_Venomblade_Sprint_AbilityGroup,,Movement,,auto,,,Unreviewed,,Conditional,,,,,
381862924,Blackfang Viper Javelin Rain,AB_Blackfang_Viper_JavelinRain_AbilityGroup,,Aimed,,auto,,,Unreviewed,,Conditional,,,,,
-317345251,Blackfang Viper Javelin Throw,AB_Blackfang_Viper_JavelinThrow_AbilityGroup,,Aimed,Channel,auto,,,Unreviewed,,Conditional,,,,,
1142040823,Blackfang Viper Step Throw,AB_Blackfang_Viper_StepThrow_AbilityGroup,,Aimed,,auto,,,Unreviewed,,Conditional,,,,,
-1869894099,Blood Buff Corrupted Angel Dash,AB_BloodBuff_Corrupted_Angel_Dash_AbilityGroup,,Aimed,,auto,,,Unreviewed,,Conditional,,,,,
-2064327511,Blood Buff Corrupted Harpy Dash,AB_BloodBuff_Corrupted_Harpy_Dash_AbilityGroup,,Aimed,,auto,,,Unreviewed,,Conditional,,,,,
-1380116221,Blood Carrion Swarm,AB_Blood_CarrionSwarm_AbilityGroup,,Aimed,,auto,,,Unreviewed,,Conditional,,,,,
2067760264,Blood Fountain,AB_Blood_BloodFountain_AbilityGroup,Blood|Offensive,CloseRange,,auto,,,Unreviewed,,Conditional,,,,,
-1401133170,Blood Fountain,AB_Blood_BloodFountain_Spellmod_Recast_AbilityGroup,Other,CloseRange,,auto,,,Unreviewed,,Conditional,,,,,
-892431821,Blood Rage,AB_Bandit_Foreman_BloodRage_AbilityGroup,Other,CloseRange,,auto,,,Unreviewed,,Conditional,,,Lesser Blood Soul,,
651613264,Blood Rage,AB_Blood_BloodRage_AbilityGroup,Blood|Defensive,CloseRange,,auto,,,Unreviewed,,Conditional,,,,,
-1139777657,Blood Rage,AB_HighLord_PBAE_AbilityGroup,Other,CloseRange,,auto,,,Unreviewed,,Conditional,,,General Cassius the Betrayer,,
-1284243288,Blood Storm,AB_Blood_BloodStorm_AbilityGroup,Other,CloseRange,Channel,auto,,,Unreviewed,,Conditional,,,,,
481411985,Bone Explosion,AB_Unholy_CorpseExplosion_AbilityGroup,Unholy|Offensive,Summon,,auto,,,Unreviewed,,Conditional,,,,,
-13231823,Camouflage,AB_Vampire_Slashers_Camouflage_Secondary_AbilityGroup,Other,CloseRange,,auto,,,Unreviewed,,Conditional,,,,,
-192549213,Camouflage,AB_WerewolfChieftain_Stealth_AbilityGroup,Other,Summon,,auto,,,Unreviewed,,Conditional,,,Willfred the Village Elder,,
2037106453,Cancel Raging Tempest,AB_Storm_RagingTempest_Other_DashOut_AbilityGroup,Other,Movement,,auto,,,Unreviewed,,Conditional,,,,,
114484622,Cardinal Light Nova,AB_Cardinal_LightNova_AbilityGroup,Other,Aimed,Channel,auto,,,Unreviewed,,Conditional,,,Azariel the Sunbringer,,
194868388,Cardinal Light Wave,AB_Cardinal_LightWave_AbilityGroup,Other,Aimed,Channel,auto,,,Unreviewed,,Conditional,,,Azariel the Sunbringer,,
-1381729810,Cardinal Summon Aide,AB_Cardinal_SummonAide_AbilityGroup,Other,Summon,,auto,,,Unreviewed,,Conditional,,,Azariel the Sunbringer,,
-16930230,Cardinal Summon Orb,AB_Cardinal_SummonOrb_AbilityGroup,Other,Summon,,auto,,,Unreviewed,,Conditional,,,Azariel the Sunbringer,,
1022054621,Castle Man Axe Throw,AB_CastleMan_AxeThrow_AbilityGroup,Other,Aimed,,auto,,,Unreviewed,,Conditional,,,Simon Belmont the Vampire Hunter,,
1302295192,Castle Man Dagger Projectile,AB_CastleMan_DaggerProjectile_AbilityGroup,Other,Aimed,,auto,,,Unreviewed,,Conditional,,,Simon Belmont the Vampire Hunter,,
906463896,Castle Man Holy Beam,AB_CastleMan_HolyBeam_AbilityGroup,Other,Aimed,Channel,auto,,,Unreviewed,,Conditional,,,Simon Belmont the Vampire Hunter,,
-650079140,Castle Man Lasting Holy Water,AB_CastleMan_LastingHolyWater_AbilityGroup,Other,CloseRange,,auto,,,Unreviewed,,Conditional,,,Simon Belmont the Vampire Hunter,,
761680482,Castle Man Spinning Cross,AB_CastleMan_SpinningCross_AbilityGroup,Other,CloseRange,,auto,,,Unreviewed,,Conditional,,,Simon Belmont the Vampire Hunter,,
-296227812,Castle Man Tackle,AB_CastleMan_Tackle_AbilityGroup,Other,CloseRange,,auto,,,Unreviewed,,Conditional,,,Simon Belmont the Vampire Hunter,,
2070140125,Chaos Barrier,AB_Chaos_Barrier_Recast_AbilityGroup,Other,Aimed,,auto,,,Unreviewed,,Conditional,,,,,
2012523607,Chaos Rain Of Chaos,AB_Chaos_RainOfChaos_AbilityGroup,,CloseRange,,auto,,,Unreviewed,,Conditional,,,,,
530484088,Chaos Volley,AB_Shadowkin_ChaosBoltSingleCast_AbilityGroup,Other,Aimed,,auto,,,Unreviewed,,Conditional,,,Shadowkin,,
-1378417368,Church Of Light Cardinal Aide Projectile,AB_ChurchOfLight_CardinalAide_Projectile_AbilityGroup,Other,Aimed,Channel,auto,,,Unreviewed,,Conditional,,,Cardinal Aide,,
1817985064,Church Of Light Cleric Intervene,AB_ChurchOfLight_Cleric_Intervene_AbilityGroup,Other,CloseRange,,auto,,,Unreviewed,,Conditional,,,Cleric,,
-587604072,Church Of Light Cleric Projectile,AB_ChurchOfLight_Cleric_Projectile_AbilityGroup,Other,Aimed,,auto,,,Unreviewed,,Conditional,,,Cleric,,
896963123,Church Of Light Overseer Ice Rink,AB_ChurchOfLight_Overseer_IceRink_AbilityGroup,Other,Summon,,auto,,,Unreviewed,,Conditional,,,,,
1823825002,Church Of Light Overseer Reinforcement,AB_ChurchOfLight_Overseer_Reinforcement_AbilityGroup,Other,Summon,,auto,,,Unreviewed,,Conditional,,,Sir Magnus the Overseer,,
1145861576,Church Of Light Paladin Centre Travel,AB_ChurchOfLight_Paladin_CentreTravel_AbilityGroup,Other,Movement,,auto,,,Unreviewed,,Conditional,,,Solarus the Immaculate,,
-1720407974,Church Of Light Paladin Dash,AB_ChurchOfLight_Paladin_Dash_AbilityGroup,Other,Aimed,Channel,auto,,,Unreviewed,,Conditional,,,"Solarus, o Imaculado",,
-552723816,Church Of Light Paladin Heal Angel,AB_ChurchOfLight_Paladin_HealAngel_AbilityGroup,Other,CloseRange,,auto,,,Unreviewed,,Conditional,,,Solarus the Immaculate,,
-1282606238,Church Of Light Priest Heal Bomb,AB_ChurchOfLight_Priest_HealBomb_AbilityGroup,Other,CloseRange,,auto,,,Unreviewed,,Conditional,,,Priest,,
-292542362,Church Of Light Priest Projectile,AB_ChurchOfLight_Priest_Projectile_AbilityGroup,Other,Aimed,Channel,auto,,,Unreviewed,,Conditional,,,Priest,,
943885425,Church Of Light Priest Summon Pillar,AB_ChurchOfLight_Priest_SummonPillar_AbilityGroup,Other,Summon,,auto,,,Unreviewed,,Conditional,,,Priest,,
-1684687653,Church Of Light Slave Master AoEBuff,AB_ChurchOfLight_SlaveMaster_AoEBuff_AbilityGroup,Other,CloseRange,,auto,,,Unreviewed,,Conditional,,,,,
-1879864480,Church Of Light Slave Master Knockback Whip,AB_ChurchOfLight_SlaveMaster_KnockbackWhip_AbilityGroup,Other,CloseRange,,auto,,,Unreviewed,,Conditional,,,Slave Master,,
-1276648449,Church Of Light Slave Master Visual Slave Whip,AB_ChurchOfLight_SlaveMaster_VisualSlaveWhip_AbilityGroup,Other,CloseRange,,auto,,,Unreviewed,,Conditional,,,Slave Master,,
-281576382,Colpo spettrale,AB_Lightweaver_TeleportRight_AbilityGroup,Other,Movement,,auto,,,Unreviewed,,Conditional,,,Tessitrice di luce,,
-1095356108,Corrupted Crow Fly End,AB_CorruptedCrow_FlyEnd_AbilityGroup,,CloseRange,Channel,auto,,,Unreviewed,,Conditional,,,,,
-1698500590,Corrupted Crow Fly Start,AB_CorruptedCrow_FlyStart_AbilityGroup,,CloseRange,,auto,,,Unreviewed,,Conditional,,,,,
61265236,Corrupted Crow Fly Start,AB_CorruptedCrow_FlyStart_AbilityGroup,,CloseRange,,auto,,,Unreviewed,,Conditional,,,,,
304685414,Corrupted Crow Idle Fly Start,AB_CorruptedCrow_IdleFlyStart_AbilityGroup,,CloseRange,,auto,,,Unreviewed,,Conditional,,,,,
-1298764600,Corrupted Skull,AB_HighLord_UnholySkill_AbilityGroup,Other,Summon,,auto,,,Unreviewed,,Conditional,,,General Cassius the Betrayer,,
-1430256354,Corrupted Skull,AB_HighLordSword_SelfStun_AbilityGroup,Other,Aimed,,auto,,,Unreviewed,,Conditional,,,Nightfall Edge,,
-1204819086,Corrupted Skull,AB_Unholy_CorruptedSkull_AbilityGroup,Unholy|Offensive,Summon,,auto,,,Unreviewed,,Conditional,,,,,
-1720952746,Corrupted Wolf Slavering Bite,AB_Corrupted_Wolf_SlaveringBite_AbilityGroup,,CloseRange,,auto,,,Unreviewed,,Conditional,,,,,
1262003451,Crushing Blow,AB_Vampire_Mace_CrushingBlow_Slam_AbilityGroup,Other,CloseRange,,auto,,,Unreviewed,,Conditional,,,,,
295045820,Crystal Lance,AB_Frost_CrystalLance_AbilityGroup,Frost|Offensive,Aimed,,auto,,,Unreviewed,,Conditional,,,,,
1238091894,Cultist Projectile,AB_Cultist_Projectile_Group,Other,Aimed,,auto,,,Unreviewed,,Conditional,,,Flame Fanatic,,
556335075,Cursed Mountain Beast Dash Attack,AB_Cursed_MountainBeast_DashAttack_AbilityGroup,Other,Aimed,,auto,,,Unreviewed,,Conditional,,,Gorecrusher the Behemoth,,
1421967280,Cursed Toad King Frog Vomit,AB_Cursed_ToadKing_FrogVomit_Group,Other,Summon,,auto,,,Unreviewed,,Conditional,,,Albert the Duke of Balaton,,
-1864096491,Cursed Toad King Poison Rain,AB_Cursed_ToadKing_PoisonRain_AbilityGroup,Other,CloseRange,Channel,auto,,,Unreviewed,,Conditional,,,Albert the Duke of Balaton,,
-2117925151,Cursed Toad Spitter Projectile,AB_Cursed_ToadSpitter_Projectile_Group,Other,Aimed,Channel,auto,,,Unreviewed,,Conditional,,,Cursed Spitter Toad,,
1898980277,Cursed Witch Corrupted Ghouls,AB_Cursed_Witch_CorruptedGhouls_AbilityGroup,Other,Summon,,auto,,,Unreviewed,,Conditional,,,"Matka, die Fluchweberin",,
-1729075022,Cursed Witch Explode Mosquito,AB_Cursed_Witch_ExplodeMosquito_AbilityGroup,Other,CloseRange,,auto,,,Unreviewed,,Conditional,,,Matka the Curse Weaver,,
1915605718,Cursed Witch Projectile,AB_Cursed_Witch_Projectile_AbilityGroup,Other,Aimed,,auto,,,Unreviewed,,Conditional,,,Witch,,
1511001063,Cursed Witch Witch Bolt,AB_Cursed_Witch_WitchBolt_AbilityGroup,Other,Aimed,,auto,,,Unreviewed,,Conditional,,,Matka the Curse Weaver,,
-356990326,Cyclone,AB_Storm_Cyclone_AbilityGroup,Storm|Offensive,CloseRange,,auto,,,Unreviewed,,Conditional,,,,,
192866635,Dash,AB_Bandit_Bomber_Elite_Roll_Group,Other,CloseRange,,auto,,,Unreviewed,,Conditional,,,Clive the Firestarter,,
-912372242,Dash,AB_Bandit_Deadeye_Roll_AbilityGroup,Other,Movement,,auto,,,Unreviewed,,Conditional,,,Lidia the Chaos Archer,,
-1773431654,Dash,AB_Bandit_Foreman_Roll_Group,Other,Movement,,auto,,,Unreviewed,,Conditional,,,Lesser Blood Soul,,
564244811,Dash,AB_Bandit_Hunter_Roll_AbilityGroup,Other,Movement,,auto,,,Unreviewed,,Conditional,,,Poacher,,
138056981,Dash,AB_Bandit_Leader_Roll_AbilityGroup,Other,Movement,,auto,,,Unreviewed,,Conditional,,,Quincey the Marauder,,
-1255881274,Dash,AB_ChurchOfLight_SlaveMaster_Roll_AbilityGroup,Other,Movement,,auto,,,Unreviewed,,Conditional,,,Slave Master,,
-1416105872,Dash,AB_Militia_HoundMaster_Roll_AbilityGroup,Other,Movement,,auto,,,Unreviewed,,Conditional,,,Boyo,,
437523703,Dasher Dash,AB_Dasher_Dash_AbilityGroup,Other,Aimed,,auto,,,Unreviewed,,Conditional,,,Harpy Dasher,,
705089395,Dasher Dive,AB_Dasher_Dive_AbilityGroup,Other,CloseRange,,auto,,,Unreviewed,,Conditional,,,Harpy Dasher,,
-2095151729,Death from Above,AB_GreatSword_LeapAttack_AbilityGroup,Other,Movement,,auto,,,Unreviewed,,Conditional,,,,,
1961570821,Death Knight,AB_Unholy_DeathKnight_AbilityGroup,Unholy|Offensive,Summon,,auto,,,Unreviewed,,Conditional,,,,,
-1563062700,Debug Nuke All,AB_Debug_NukeAll_Group,,CloseRange,,auto,,,Unreviewed,,Conditional,,,,,
162388614,Degallop,AB_Degallop_AbilityGroup,,Movement,,auto,,,Unreviewed,,Conditional,,,,,
-559662270,Discharge,AB_Gloomrot_TheProfessor_TeleportMid_AbilityGroup,Other,Movement,,auto,,,Unreviewed,,Conditional,,,Henry Blackbrew the Doctor,,
1952703098,Discharge,AB_Storm_Discharge_AbilityGroup,Storm|Defensive,CloseRange,,auto,,,Unreviewed,,Conditional,,,,,
1816495876,Discharge,AB_Storm_Discharge_SpellMod_Recast_AbilityGroup,Storm|Defensive,CloseRange,,auto,,,Unreviewed,,Conditional,,,,,
172828642,Dismount,AB_Demount_Roll_AbilityGroup,Other,Movement,,auto,,,Unreviewed,,Conditional,,,,,
472850370,Dismount,AB_VampireMountLeap_Travel_AbilityGroup,Other,Movement,,auto,,,Unreviewed,,Conditional,,,,,
-1768784526,Dracula Blood Soul Absorb,AB_Dracula_BloodSoul_Absorb_AbilityGroup,Other,Summon,Channel,auto,,,Unreviewed,,Conditional,,,Blood Soul,,
-1099406988,Dracula Shadow Bat Swarm Dash,AB_Dracula_ShadowBatSwarm_Dash_AbilityGroup,Other,Aimed,,auto,,,Unreviewed,,Conditional,,,Giant Bat,,
2079740557,Dracula Spell Stone Circling Blood,AB_Dracula_SpellStone_CirclingBlood_AbilityGroup,Other,CloseRange,,auto,,,Unreviewed,,Conditional,,,Dracula Spell Stone Large Blood,,
-1552626046,Dracula Spell Stone Orbiting Blood,AB_Dracula_SpellStone_OrbitingBlood_AbilityGroup,Other,CloseRange,,auto,,,Unreviewed,,Conditional,,,,,
-1130363778,Earthshatter,AB_Shapeshift_Golem_T02_Ranged_AbilityGroup,Other,Aimed,Channel,auto,,,Unreviewed,,Conditional,,,,,
-983491078,Elsődleges támadás,AB_SlaveRuffian_Swing_AbilityGroup,Other,CloseRange,,auto,,,Unreviewed,,Conditional,,,Útonálló,,
-1545438316,Elusive Strike,AB_Vampire_Slashers_ElusiveStrike_Dash_AbilityGroup,Other,CloseRange,,auto,,,Unreviewed,,Conditional,,,,,
488481150,Emery Elemental Leap,AB_EmeryElemental_Leap_AbilityGroup,,Aimed,,auto,,,Unreviewed,,Conditional,,,,,
1262525269,Emery Elemental Rollout,AB_EmeryElemental_Rollout_AbilityGroup,,CloseRange,,auto,,,Unreviewed,,Conditional,,,,,
107764414,Emery Golem Ground Slam,AB_EmeryGolem_GroundSlam_AbilityGroup,,CloseRange,,auto,,,Unreviewed,,Conditional,,,,,
-1882115765,Emery Golem Rock Slam,AB_EmeryGolem_RockSlam_AbilityGroup,,Aimed,,auto,,,Unreviewed,,Conditional,,,,,
-401259144,Enchanted Cross Light Wave,AB_EnchantedCross_LightWave_AbilityGroup,Other,Aimed,Channel,auto,,,Unreviewed,,Conditional,,,,,
-313732628,Entangling Whip,AB_Vampire_Whip_Entangle_AbilityGroup,Other,CloseRange,,auto,,,Unreviewed,,Conditional,,,,,
1479036818,Explosive Bullet,AB_Bandit_StickyBomb_AbilityGroup,Other,Aimed,,auto,,,Unreviewed,,Conditional,,,Clive the Firestarter,,
-820078889,Eye of the Storm,AB_Monster_LightningStorm_AbilityGroup,Storm|Ultimate,CloseRange,Channel,auto,,,Unreviewed,,Conditional,,,Adam the Firstborn,,
1870875931,Eye of the Storm,AB_Storm_EyeOfTheStorm_AbilityGroup,Storm|Ultimate,CloseRange,,auto,,,Unreviewed,,Conditional,,,,,
1548379114,Feed,AB_Feed_03_Complete_AbilityGroup,Other,CloseRange,,auto,,,Reviewed,feed,Conditional,,,,yes,B1 audit: feed lifecycle ability — likely non-functional for a player; verify then Hide/Block
1393329717,Feed,AB_FeedDraculaOrb_01_Initiate_AbilityGroup,Other,CloseRange,,auto,,,Unreviewed,,Conditional,,,,,
-578672354,Feed,AB_FeedEnemyVampire_03_Complete_AbilityGroup,Other,CloseRange,,auto,,,Unreviewed,,Conditional,,,,,
117247654,Feed,AB_FeedFriendly_03_Complete_AbilityGroup,Other,CloseRange,,auto,,,Unreviewed,,Conditional,,,,,
2072201164,Feed,AB_FeedRevive_03_Complete_AbilityGroup,Other,CloseRange,,auto,,,Unreviewed,,Conditional,,,,,
2122998237,Fishing,AB_Fishing_Draw_AbilityGroup,Other,CloseRange,,auto,,,Unreviewed,,Conditional,,,,,
-1058201566,Frenzy,AB_Undead_CursedSmith_FloatingSword_DashAttack_AbilityGroup,Other,CloseRange,Channel,auto,,,Unreviewed,,Conditional,,,Ghost Assassin,,
-668888775,Frenzy,AB_Undead_CursedSmith_SwordDash_AbilityGroup,Other,CloseRange,Channel,auto,,,Unreviewed,,Conditional,,,Cyril the Cursed Smith,,
-1968364229,Frenzy,AB_Vampire_Axe_Frenzy_Dash_AbilityGroup,Other,CloseRange,,auto,,,Unreviewed,,Conditional,,,,,
-1198075389,Frost Barrier,AB_FrostBarrier_Recast_AbilityGroup,Other,CloseRange,,auto,,,Unreviewed,,Conditional,,,,,
78384915,Frost Bat,AB_Frost_FrostBat_AbilityGroup,Frost|Offensive,Aimed,,auto,,,Unreviewed,,Conditional,,,,,
-1360906203,Gallop,AB_Gallop_AbilityGroup,Other,Movement,,auto,,,Unreviewed,,Conditional,,,,,
88850785,Gargoyle Wing Shield Emerge,AB_Gargoyle_WingShield_Emerge_AbilityGroup,Other,CloseRange,,auto,,,Unreviewed,,Conditional,,,Beatrice the Tailor,,
-149514613,Gelenkter Pfeil,AB_Vampire_Longbow_GuidedArrow_AbilityGroup,Other,Aimed,,auto,,,Unreviewed,,Conditional,,,,,
-1977998485,General Healing Orb,AB_General_HealingOrb_AbilityGroup,Other,CloseRange,,auto,,,Unreviewed,,Conditional,,,,,
-598112885,Geomancer Golem Raise Guardians,AB_Geomancer_Golem_RaiseGuardians_AbilityGroup,Other,Summon,,auto,,,Unreviewed,,Conditional,,,Terah the Geomancer,,
-1635892700,Geomancer Human Projectile,AB_Geomancer_Human_Projectile_Group,Other,Aimed,Channel,auto,,,Unreviewed,,Conditional,,,Terah the Geomancer,,
1589627808,Giant Crow Corrupted Dash,AB_GiantCrow_CorruptedDash_AbilityGroup,,Aimed,,auto,,,Unreviewed,,Conditional,,,,,
-1884419467,Giant Crow Corrupted Peck,AB_GiantCrow_CorruptedPeck_AbilityGroup,,CloseRange,,auto,,,Unreviewed,,Conditional,,,,,
1854645901,Giant Crow Dash,AB_GiantCrow_Dash_AbilityGroup,Other,Aimed,,auto,,,Unreviewed,,Conditional,,,Giant Crow,,
-297165667,Gloomrot Ace Incinerator Flame Shot,AB_Gloomrot_AceIncinerator_FlameShot_AbilityGroup,Other,Aimed,Channel,auto,,,Unreviewed,,Conditional,,,Ace Incinerator,,
-1462866563,Gloomrot Ace Incinerator Flame Spreader,AB_Gloomrot_AceIncinerator_FlameSpreader_AbilityGroup,Other,CloseRange,Channel,auto,,,Unreviewed,,Conditional,,,Ace Incinerator,,
-635085409,Gloomrot Pyro Flame Line,AB_Gloomrot_Pyro_FlameLine_AbilityGroup,Other,Aimed,,auto,,,Unreviewed,,Conditional,,,Pyro,,
288608511,Gloomrot Pyro Flame Strafer,AB_Gloomrot_Pyro_FlameStrafer_AbilityGroup,,CloseRange,,auto,,,Unreviewed,,Conditional,,,,,
-948735477,Gloomrot Railgun Sergeant Call Adds,AB_Gloomrot_RailgunSergeant_CallAdds_AbilityGroup,Other,Summon,Channel,auto,,,Unreviewed,,Conditional,,,Voltatia the Power Master,,
-1187406748,Gloomrot Railgun Sergeant Energy Burst,AB_Gloomrot_RailgunSergeant_EnergyBurst_AbilityGroup,Other,Aimed,Channel,auto,,,Unreviewed,,Conditional,,,Voltatia the Power Master,,
-1733128159,Gloomrot Railgun Sergeant Homing Orb,AB_Gloomrot_RailgunSergeant_HomingOrb_AbilityGroup,Other,CloseRange,Channel,auto,,,Unreviewed,,Conditional,,,Voltatia the Power Master,,
1779758273,Gloomrot Railgunner Snipe,AB_Gloomrot_Railgunner_Snipe_AbilityGroup,Other,Aimed,Channel,auto,,,Unreviewed,,Conditional,,,Railgunner,,
2052063970,Gloomrot Sentry Officer Place Turret,AB_Gloomrot_SentryOfficer_PlaceTurret_AbilityGroup,Other,Summon,,auto,,,Unreviewed,,Conditional,,,Sentry Officer,,
-466422619,Gloomrot Sentry Officer Shock Grenade,AB_Gloomrot_SentryOfficer_ShockGrenade_AbilityGroup,Other,Aimed,,auto,,,Unreviewed,,Conditional,,,Sentry Officer,,
-325335847,Gloomrot Sentry Turret Bunker Down,AB_Gloomrot_SentryTurret_BunkerDown_AbilityGroup,Other,Aimed,,auto,,,Unreviewed,,Conditional,,,ยามป้อมปืน,,
1024156492,Gloomrot Sentry Turret Ranged Attack,AB_Gloomrot_SentryTurret_RangedAttack_AbilityGroup,Other,Aimed,Channel,auto,,,Unreviewed,,Conditional,,,Sentry Turret,,
342417296,Gloomrot Sentry Turret Shock Field,AB_Gloomrot_SentryTurret_ShockField_AbilityGroup,Other,CloseRange,Channel,auto,,,Unreviewed,,Conditional,,,Sentry Turret,,
257841890,Gloomrot Spider Tank Gattler Bomb Hatch,AB_Gloomrot_SpiderTank_Gattler_BombHatch_AbilityGroup,Other,CloseRange,,auto,,,Unreviewed,,Conditional,,,Gattler,,
-633982282,Gloomrot Spider Tank Gattler Minigun,AB_Gloomrot_SpiderTank_Gattler_Minigun_AbilityGroup,Other,Aimed,Channel,auto,,,Unreviewed,,Conditional,,,Gattler,,
574933909,Gloomrot Spider Tank Lightning Rod Heavy Beam,AB_Gloomrot_SpiderTank_LightningRod_HeavyBeam_AbilityGroup,Other,CloseRange,Channel,auto,,,Unreviewed,,Conditional,,,Lightning Protector,,
-1537394790,Gloomrot Spider Tank Lightning Rod Light Shot,AB_Gloomrot_SpiderTank_LightningRod_LightShot_AbilityGroup,Other,Aimed,Channel,auto,,,Unreviewed,,Conditional,,,Lightning Protector,,
-1126624947,Gloomrot Spider Tank Zapper Bomb Hatch,AB_Gloomrot_SpiderTank_Zapper_BombHatch_AbilityGroup,Other,CloseRange,,auto,,,Unreviewed,,Conditional,,,Zapper,,
-730217983,Gloomrot Spider Tank Zapper Heavy Shot,AB_Gloomrot_SpiderTank_Zapper_HeavyShot_AbilityGroup,Other,Aimed,Channel,auto,,,Unreviewed,,Conditional,,,Zapper,,
-568845499,Gloomrot Spider Tank Zapper Incineration Bomb,AB_Gloomrot_SpiderTank_Zapper_IncinerationBomb_AbilityGroup,Other,CloseRange,,auto,,,Unreviewed,,Conditional,,,Zapper,,
73467714,Gloomrot Tazer Ranged Attack,AB_Gloomrot_Tazer_RangedAttack_AbilityGroup,Other,Aimed,Channel,auto,,,Unreviewed,,Conditional,,,Tazer,,
-506564570,Gloomrot The Professor Imploding Orb,AB_Gloomrot_TheProfessor_ImplodingOrb_Group,Other,CloseRange,Channel,auto,,,Unreviewed,,Conditional,,,Henry Blackbrew the Doctor,,
-2097618568,Gloomrot The Professor Multi Lazer,AB_Gloomrot_TheProfessor_MultiLazer_AbilityGroup,Other,Aimed,Channel,auto,,,Unreviewed,,Conditional,,,Henry Blackbrew the Doctor,,
92820140,Gold Golem Rock Slam,AB_GoldGolem_RockSlam_AbilityGroup,,Aimed,,auto,,,Unreviewed,,Conditional,,,,,
927872126,Golpe Espectral,AB_Gloomrot_Monster_SideStepInit_AbilityGroup,Other,Aimed,,auto,,,Unreviewed,,Conditional,,,"Adam, o Primogênito",,
-1220318405,Golpe Espectral,AB_Gloomrot_RailgunSergeant_CloneWarpRight_AbilityGroup,Other,Summon,Channel,auto,,,Unreviewed,,Conditional,,,"Voltatia, a Mestre da Energia",,
-1181502209,Great Cleaver,AB_GreatSword_GreatCleaver_AbilityGroup,Other,CloseRange,,auto,,,Unreviewed,,Conditional,,,,,
-2126197617,Great Cleaver,AB_HighLord_SwordDashCleave_AbilityGroup,Other,CloseRange,,auto,,,Unreviewed,,Conditional,,,General Cassius the Betrayer,,
830123499,Harpoon,AB_Vampire_Spear_Harpoon_Throw_AbilityGroup,Other,Aimed,,auto,,,Unreviewed,,Conditional,,,,,
-325952371,Harpy AoE,AB_Harpy_AoE_AbilityGroup,Other,CloseRange,,auto,,,Unreviewed,,Conditional,,,,,
-1850037222,Harpy Dash,AB_Harpy_Dash_AbilityGroup,Other,Aimed,,auto,,,Unreviewed,,Conditional,,,,,
1629100793,Harpy Dive,AB_Harpy_Dive_AbilityGroup,Other,CloseRange,,auto,,,Unreviewed,,Conditional,,,,,
-1432604486,Heart Strike,AB_Blood_HeartStrike_AbilityGroup,Blood|Ultimate,CloseRange,,auto,,,Unreviewed,,Conditional,,,,,
1115425417,Heart Strike,AB_HighLord_SwordCarve_AbilityGroup,Other,Aimed,,auto,,,Unreviewed,,Conditional,,,Nightfall Edge,,
416744805,High Lord Raise Dead,AB_HighLord_RaiseDead_AbilityGroup,Other,Summon,,auto,,,Unreviewed,,Conditional,,,General Cassius the Betrayer,,
1491658671,Hold to Extract Blood,AB_FeedDraculaBloodSoul_01_Initiate_AbilityGroup,Other,CloseRange,,auto,,,Unreviewed,,Conditional,,,,,
-1695763915,Hold to Extract Blood,AB_FeedGateBoss_01_Initiate_AbilityGroup,Other,CloseRange,,auto,,,Unreviewed,,Conditional,,,,,
-842785205,Horse Vampire Leap Travel Blackfang,AB_Horse_Vampire_Leap_Travel_Blackfang_AbilityGroup,,Movement,,auto,,,Unreviewed,,Conditional,,,,,
1850527627,Hostile Villager Torch Throw,AB_HostileVillager_TorchThrow_AbilityGroup,Other,CloseRange,,auto,,,Unreviewed,,Conditional,,,Villager,,
1461754263,Howling Reaper,AB_Vampire_Reaper_HowlingReaper_AbilityGroup,Other,Aimed,,auto,,,Unreviewed,,Conditional,,,,,
91249849,Ice Nova,AB_Frost_IceNova_AbilityGroup,Frost|Offensive,CloseRange,,auto,,,Unreviewed,,Conditional,,,,,
1473095785,Ice Nova,AB_Frost_IceNova_SpellMod_Recast_AbilityGroup,Other,CloseRange,,auto,,,Unreviewed,,Conditional,,,,,
953519927,Ice Nova,AB_IceRanger_IceNova_AbilityGroup,Other,CloseRange,,auto,,,Unreviewed,,Conditional,,,General Elena the Hollow,,
1691254929,Ice Nova,AB_IceRanger_IceNova_Large_AbilityGroup,Other,CloseRange,,auto,,,Unreviewed,,Conditional,,,General Elena the Hollow,,
1064969109,Ice Ranger Jump Down,AB_IceRanger_JumpDown_AbilityGroup,Other,Movement,,auto,,,Unreviewed,,Conditional,,,General Elena the Hollow,,
1431473799,Ice Ranger Tower Of Frost,AB_IceRanger_TowerOfFrost_AbilityGroup,Other,CloseRange,Channel,auto,,,Unreviewed,,Conditional,,,General Elena the Hollow,,
2057952818,Ice Ranger Tower Of Frost Low Health,AB_IceRanger_TowerOfFrost_LowHealth_AbilityGroup,Other,CloseRange,Channel,auto,,,Unreviewed,,Conditional,,,General Elena the Hollow,,
-286223348,Illusion Serpent,AB_Illusion_Serpent_AbilityGroup,,Aimed,,auto,,,Unreviewed,,Conditional,,,,,
1250277114,Impale,AB_Spear_AThousandSpears_Recast_Impale_Group,Other,CloseRange,,auto,,,Unreviewed,,Conditional,,,,,
-580940152,Iva Autofire,AB_Iva_Autofire_AbilityGroup,Other,Aimed,,auto,,,Unreviewed,,Conditional,,,Ziva the Engineer,,
1524772628,Iva BFGLightning Fire,AB_Iva_BFGLightningFire_AbilityGroup,Other,Aimed,,auto,,,Unreviewed,,Conditional,,,Ziva the Engineer,,
-247423777,Iva Burn,AB_Iva_Burn_AbilityGroup,,CloseRange,Channel,auto,,,Unreviewed,,Conditional,,,,,
1517447626,Iva Burning Ring Of Fire,AB_Iva_BurningRingOfFire_AbilityGroup,Other,CloseRange,Channel,auto,,,Unreviewed,,Conditional,,,Ziva the Engineer,,
891644945,Iva Tazer,AB_Iva_Tazer_AbilityGroup,Other,Aimed,Channel,auto,,,Unreviewed,,Conditional,,,Ziva the Engineer,,
2013545793,Iva Weapon Malfunction BFG,AB_Iva_WeaponMalfunction_BFG_AbilityGroup,Other,Aimed,Channel,auto,,,Unreviewed,,Conditional,,,Ziva the Engineer,,
1149489416,Iva Weapon Malfunction Tazer,AB_Iva_WeaponMalfunction_Tazer_AbilityGroup,Other,Aimed,Channel,auto,,,Unreviewed,,Conditional,,,Ziva the Engineer,,
-1175617299,Knight 2 H Back Roll,AB_Knight_2H_BackRoll_AbilityGroup,,Movement,,auto,,,Unreviewed,,Conditional,,,,,
349423116,Knight 2 H Forward Roll,AB_Knight_2H_ForwardRoll_AbilityGroup,,Movement,,auto,,,Unreviewed,,Conditional,,,,,
-1449279362,Knight 2 H Forward Roll Accurate,AB_Knight_2H_ForwardRoll_Accurate_AbilityGroup,,Movement,,auto,,,Unreviewed,,Conditional,,,,,
1675917968,Leap,AB_VampireLeap_Travel_AbilityGroup,Other,Movement,,auto,,,Unreviewed,,Conditional,,,,,
352570759,Legion Assassin Throw,AB_Legion_Assassin_Throw_AbilityGroup,Other,Aimed,,auto,,,Unreviewed,,Conditional,,,Exsanguinator,,
-1717961213,Legion Blood Prophet Blood Burn,AB_Legion_BloodProphet_BloodBurn_AbilityGroup,Other,CloseRange,Channel,auto,,,Unreviewed,,Conditional,,,Blood Prophet,,
-347082762,Legion Blood Prophet Projectile AOE,AB_Legion_BloodProphet_ProjectileAOE_AbilityGroup,Other,Aimed,Channel,auto,,,Unreviewed,,Conditional,,,Blood Prophet,,
183752077,Legion Gargoyle Relocate Forward Init Apply Targetbuff,AB_Legion_Gargoyle_Relocate_ForwardInit_ApplyTargetbuff_AbilityGroup,Other,CloseRange,,auto,,,Unreviewed,,Conditional,,,Beatrice the Tailor,,
-1498306516,Legion Night Maiden Seduce,AB_Legion_NightMaiden_Seduce_AbilityGroup,Other,CloseRange,Channel,auto,,,Unreviewed,,Conditional,,,Dark Temptress,,
1941093851,Legion Night Maiden Seduce Lesser,AB_Legion_NightMaiden_Seduce_Lesser_AbilityGroup,Other,CloseRange,Channel,auto,,,Unreviewed,,Conditional,,,Night Maiden,,
-634705694,Legion Vargulf Maul Knockdown,AB_Legion_Vargulf_MaulKnockdown_AbilityGroup,Other,CloseRange,,auto,,,Unreviewed,,Conditional,,,도살 괴물,,
-914344112,Lightning Typhoon,AB_Storm_LightningTyphoon_AbilityGroup,Storm|Ultimate,CloseRange,,auto,,,Unreviewed,,Conditional,,,,,
1761660947,Lightweaver Holy Bolt,AB_Lightweaver_HolyBolt_AbilityGroup,Other,Aimed,,auto,,,Unreviewed,,Conditional,,,Lightweaver,,
1310557060,Lucie Clarity Potion,AB_Lucie_ClarityPotion_AbilityGroup,,Aimed,,auto,,,Unreviewed,,Conditional,,,,,
1501543883,Lucie Crippling Goo,AB_Lucie_CripplingGoo_AbilityGroup,,Aimed,,auto,,,Unreviewed,,Conditional,,,,,
973975627,Lucie Deadly Injection,AB_Lucie_DeadlyInjection_AbilityGroup,,Aimed,,auto,,,Unreviewed,,Conditional,,,,,
466462408,Lucie Healing Brew,AB_Lucie_HealingBrew_AbilityGroup,,CloseRange,Channel,auto,,,Unreviewed,,Conditional,,,,,
846507754,Lucie Liquid Fire,AB_Lucie_LiquidFire_AbilityGroup,,Aimed,,auto,,,Unreviewed,,Conditional,,,,,
2041625587,Lucie Panic Shot,AB_Lucie_PanicShot_AbilityGroup,,Aimed,,auto,,,Unreviewed,,Conditional,,,,,
-933544131,Lucie Player Ability Clarity Potion Throw,AB_Lucie_PlayerAbility_ClarityPotion_Throw_AbilityGroup,,CloseRange,,auto,,,Unreviewed,,Conditional,,,,,
-984481115,Lucie Player Ability Liquid Fire Potion Drink,AB_Lucie_PlayerAbility_LiquidFirePotion_Drink_AbilityGroup,,CloseRange,,auto,,,Unreviewed,,Conditional,,,,,
1738354598,Lucie Player Ability Liquid Fire Potion Throw,AB_Lucie_PlayerAbility_LiquidFirePotion_Throw_AbilityGroup,,CloseRange,,auto,,,Unreviewed,,Conditional,,,,,
362512593,Lucie Player Ability Liquid Luck Potion Throw,AB_Lucie_PlayerAbility_LiquidLuckPotion_Throw_AbilityGroup,,CloseRange,,auto,,,Unreviewed,,Conditional,,,,,
211300082,Lucie Player Ability Polymorph Potion Throw,AB_Lucie_PlayerAbility_PolymorphPotion_Throw_AbilityGroup,,CloseRange,,auto,,,Unreviewed,,Conditional,,,,,
1364843731,Lucie Player Ability Potion Base Throw,AB_Lucie_PlayerAbility_Potion_Base_Throw_AbilityGroup,,CloseRange,,auto,,,Unreviewed,,Conditional,,,,,
-1111373807,Lucie Player Ability Wondrous Healing Potion Throw,AB_Lucie_PlayerAbility_WondrousHealingPotion_Throw_AbilityGroup,,CloseRange,,auto,,,Unreviewed,,Conditional,,,,,
-1358113706,Lucie Roll,AB_Lucie_Roll_AbilityGroup,,Movement,,auto,,,Unreviewed,,Conditional,,,,,
-2029137394,Lucie Wake Golem Potion,AB_Lucie_WakeGolemPotion_AbilityGroup,,CloseRange,,auto,,,Unreviewed,,Conditional,,,,,
544237275,Man Trap Corrupted Projectile,AB_ManTrap_Corrupted_Projectile_AbilityGroup,,Aimed,Channel,auto,,,Unreviewed,,Conditional,,,,,
780372716,Man Trap Projectile,AB_ManTrap_Projectile_Group,Other,Aimed,Channel,auto,,,Unreviewed,,Conditional,,,Mantrap,,
-500071289,Manticore Air Dash,AB_Manticore_AirDash_AbilityGroup,Other,Aimed,,auto,,,Unreviewed,,Conditional,,,Talzur the Winged Horror,,
-298983941,Manticore Dash,AB_Manticore_Dash_AbilityGroup,Other,Aimed,Channel,auto,,,Unreviewed,,Conditional,,,Talzur the Winged Horror,,
486569900,Manticore Frost Breath,AB_Manticore_FrostBreath_AbilityGroup,Other,CloseRange,Channel,auto,,,Unreviewed,,Conditional,,,恐怖翼獸塔爾祖爾,,
1690919489,Manticore Jump Back,AB_Manticore_JumpBack_AbilityGroup,,Movement,,auto,,,Unreviewed,,Conditional,,,,,
1026449575,Mantrap Corrupted Spawn Saplings,AB_Mantrap_Corrupted_SpawnSaplings_AbilityGroup,,Summon,,auto,,,Unreviewed,,Conditional,,,,,
-581209791,Mantrap Sapling Corrupted Projectile,AB_MantrapSapling_Corrupted_Projectile_AbilityGroup,,Aimed,,auto,,,Unreviewed,,Conditional,,,,,
-424388071,Matriarch AoE,AB_Matriarch_AoE_AbilityGroup,Other,CloseRange,,auto,,,Unreviewed,,Conditional,,,Morian the Stormwing Matriarch,,
-12917778,Matriarch Dash,AB_Matriarch_Dash_AbilityGroup,Other,Aimed,,auto,,,Unreviewed,,Conditional,,,Morian the Stormwing Matriarch,,
1088363798,Matriarch Dash HARD,AB_Matriarch_Dash_HARD_AbilityGroup,Other,Aimed,,auto,,,Unreviewed,,Conditional,,,Morian the Stormwing Matriarch,,
-514516956,Matriarch Projectile,AB_Matriarch_Projectile_AbilityGroup,Other,Aimed,,auto,,,Unreviewed,,Conditional,,,Morian the Stormwing Matriarch,,
1212947823,Matriarch Soar Travel,AB_Matriarch_Soar_Travel_AbilityGroup,Other,Summon,,auto,,,Unreviewed,,Conditional,,,Morian the Stormwing Matriarch,,
245173408,Merciless Charge,AB_Chaos_MercilessCharge_AbilityGroup,Chaos|Ultimate,CloseRange,,auto,,,Unreviewed,,Conditional,,,,,
-1973550282,Merciless Charge,AB_ChurchOfLight_Overseer_PiercingCharge_AbilityGroup,Other,CloseRange,,auto,,,Unreviewed,,Conditional,,,Sir Magnus the Overseer,,
1611191665,Militia Bishop Of Dunley Holy Beam,AB_Militia_BishopOfDunley_HolyBeam_AbilityGroup,Other,CloseRange,,auto,,,Unreviewed,,Conditional,,,Raziel the Shepherd,,
-1957047297,Militia Bishop Of Dunley Holy Beam Target Buff,AB_Militia_BishopOfDunley_HolyBeam_TargetBuff_AbilityGroup,Other,CloseRange,,auto,,,Unreviewed,,Conditional,,,Raziel the Shepherd,,
-545560531,Militia Bishop Of Dunley Holy Circles,AB_Militia_BishopOfDunley_HolyCircles_AbilityGroup,Other,CloseRange,,auto,,,Unreviewed,,Conditional,,,ราเซียล พระนักเทศน์,,
368122726,Militia Bishop Of Dunley Projectile,AB_Militia_BishopOfDunley_Projectile_Group,Other,Aimed,Channel,auto,,,Unreviewed,,Conditional,,,Raziel the Shepherd,,
1674395967,Militia Bishop Of Dunley Summon Eye Of God,AB_Militia_BishopOfDunley_SummonEyeOfGod_AbilityGroup,Other,Summon,,auto,,,Unreviewed,,Conditional,,,Raziel the Shepherd,,
296313928,Militia Bishop Of Dunley Summon Pillar,AB_Militia_BishopOfDunley_SummonPillar_AbilityGroup,Other,Summon,,auto,,,Unreviewed,,Conditional,,,Raziel the Shepherd,,
1870073064,Militia Call Adds,AB_Militia_CallAdds_AbilityGroup,Other,Summon,Channel,auto,,,Unreviewed,,Conditional,,,Milis Yüzbaşısı Octavian,,
1244670975,Militia Call Adds Legion,AB_Militia_CallAdds_Legion_AbilityGroup,Other,Summon,Channel,auto,,,Unreviewed,,Conditional,,,Primal Blood Soul,,
-1802963726,Militia Crossbow,AB_Militia_Crossbow_Group,Other,Aimed,,auto,,,Unreviewed,,Conditional,,,Ghost Crossbowman,,
-409778117,Militia Fabian Call Lightning,AB_Militia_Fabian_CallLightning_AbilityGroup,,CloseRange,,auto,,,Unreviewed,,Conditional,,,,,
-1379598377,Militia Fabian Mounted Swing Left,AB_Militia_Fabian_MountedSwing_Left_AbilityGroup,,CloseRange,,auto,,,Unreviewed,,Conditional,,,,,
-618550771,Militia Fabian Mounted Swing Right,AB_Militia_Fabian_MountedSwing_Right_AbilityGroup,,CloseRange,,auto,,,Unreviewed,,Conditional,,,,,
1246326726,Militia Fabians Steed Charge,AB_Militia_FabiansSteed_Charge_AbilityGroup,,Aimed,Channel,auto,,,Unreviewed,,Conditional,,,,,
1220301459,Militia Fabians Steed Leap,AB_Militia_FabiansSteed_Leap_AbilityGroup,,Aimed,,auto,,,Unreviewed,,Conditional,,,,,
975866147,Militia Fabians Steed Leap Movement,AB_Militia_FabiansSteed_LeapMovement_AbilityGroup,,Movement,,auto,,,Unreviewed,,Conditional,,,,,
325658714,Militia Fabians Steed Multi Charge,AB_Militia_FabiansSteed_MultiCharge_AbilityGroup,,Aimed,Channel,auto,,,Unreviewed,,Conditional,,,,,
800186323,Militia Glassblower Deep Breath,AB_Militia_Glassblower_DeepBreath_AbilityGroup,Other,CloseRange,Channel,auto,,,Unreviewed,,Conditional,,,Grethel the Glassblower,,
892342913,Militia Heavy Dash,AB_Militia_Heavy_Dash_AbilityGroup,Other,CloseRange,,auto,,,Unreviewed,,Conditional,,,Militia Veteran,,
-1077139800,Militia Horseman,AB_Militia_Horseman_AbilityGroup,,Aimed,,auto,,,Unreviewed,,Conditional,,,,,
-1843850355,Militia Horseman Attack Chain,AB_Militia_Horseman_AttackChain_AbilityGroup,,CloseRange,,auto,,,Unreviewed,,Conditional,,,,,
1660777757,Militia Horseman Attack Chain Left,AB_Militia_Horseman_AttackChain_Left_AbilityGroup,,CloseRange,,auto,,,Unreviewed,,Conditional,,,,,
262116525,Militia Horseman Attack Chain Right,AB_Militia_Horseman_AttackChain_Right_AbilityGroup,,CloseRange,,auto,,,Unreviewed,,Conditional,,,,,
-1630648333,Militia Horseman Mount Charge,AB_Militia_Horseman_Mount_Charge_AbilityGroup,,CloseRange,,auto,,,Unreviewed,,Conditional,,,,,
-342380924,Militia Horseman Step Attack,AB_Militia_Horseman_StepAttack_AbilityGroup,,CloseRange,Channel,auto,,,Unreviewed,,Conditional,,,,,
-1280459867,Militia Hound Hound Mark,AB_Militia_Hound_HoundMark_AbilityGroup,,CloseRange,,auto,,,Unreviewed,,Conditional,,,,,
-91811178,Militia Hound Master Command,AB_Militia_HoundMaster_Command_AbilityGroup,Other,CloseRange,,auto,,,Unreviewed,,Conditional,,,Boyo,,
-1449494345,Militia Hound Master Heal,AB_Militia_HoundMaster_Heal_AbilityGroup,Other,CloseRange,,auto,,,Unreviewed,,Conditional,,,Boyo,,
1648996357,Militia Hound Master Tackel,AB_Militia_HoundMaster_Tackel_AbilityGroup,Other,CloseRange,,auto,,,Unreviewed,,Conditional,,,Boyo,,
2031950279,Militia Hound Quick Dash,AB_Militia_Hound_QuickDash_AbilityGroup,Other,CloseRange,,auto,,,Unreviewed,,Conditional,,,Brutus the Watcher,,
1707593926,Militia Hound Request Aid,AB_Militia_Hound_RequestAid_AbilityGroup,Other,CloseRange,,auto,,,Unreviewed,,Conditional,,,Brutus the Watcher,,
-930424159,Militia Leader Leap Attack,AB_Militia_Leader_LeapAttack_AbilityGroup,Other,Movement,,auto,,,Unreviewed,,Conditional,,,Octavian the Militia Captain,,
764619540,Militia Light Arrow Basic Shot,AB_Militia_LightArrow_BasicShot_AbilityGroup,Other,Aimed,Channel,auto,,,Unreviewed,,Conditional,,,Meredith the Bright Archer,,
-1689067072,Militia Light Arrow Basic Shot,AB_Militia_LightArrow_BasicShot_Group,Other,Aimed,Channel,auto,,,Unreviewed,,Conditional,,,,,
-1509483896,Militia Light Arrow Heal Shot,AB_Militia_LightArrow_HealShot_AbilityGroup,Other,Aimed,,auto,,,Unreviewed,,Conditional,,,Meredith the Bright Archer,,
-1282136902,Militia Light Arrow Quick Shot,AB_Militia_LightArrow_QuickShot_AbilityGroup,Other,Aimed,,auto,,,Unreviewed,,Conditional,,,Meredith the Bright Archer,,
-1286987800,Militia Light Arrow Snipe,AB_Militia_LightArrow_Snipe_AbilityGroup,Other,Aimed,Channel,auto,,,Unreviewed,,Conditional,,,Meredith the Bright Archer,,
761268127,Militia Light Arrow Snipe,AB_Militia_LightArrow_Snipe_Group,Other,Aimed,Channel,auto,,,Unreviewed,,Conditional,,,,,
336380612,Militia Light Arrow Spawn Minions,AB_Militia_LightArrow_SpawnMinions_AbilityGroup,Other,Summon,,auto,,,Unreviewed,,Conditional,,,Meredith the Bright Archer,,
-494771621,Militia Light Arrow Throw,AB_Militia_LightArrow_Throw_AbilityGroup,Other,CloseRange,,auto,,,Unreviewed,,Conditional,,,Meredith the Bright Archer,,
-866526980,Militia Light Arrow Throw,AB_Militia_LightArrow_Throw_Group,Other,CloseRange,,auto,,,Unreviewed,,Conditional,,,,,
-708850140,Militia Light Arrow Unsteady Quick Shot,AB_Militia_LightArrow_UnsteadyQuickShot_Group,Other,Aimed,,auto,,,Unreviewed,,Conditional,,,,,
617823552,Militia Light Arrow Unsteady Shot,AB_Militia_LightArrow_UnsteadyShot_Group,Other,Aimed,Channel,auto,,,Unreviewed,,Conditional,,,,,
-891060764,Militia Light Arrow Unsteady Throw,AB_Militia_LightArrow_UnsteadyThrow_Group,Other,CloseRange,,auto,,,Unreviewed,,Conditional,,,,,
-1102042167,Militia Longbow Fire Arrow,AB_Militia_Longbow_FireArrow_Group,Other,Aimed,Channel,auto,,,Unreviewed,,Conditional,,,Militia Archer,,
-351745987,Militia Longbowman Ranged Attack,AB_Militia_Longbowman_RangedAttack_Group,Other,Aimed,,auto,,,Unreviewed,,Conditional,,,Militia Archer,,
-1418783710,Militia Rider Crossbow,AB_Militia_Rider_Crossbow_Group,,Aimed,,auto,,,Unreviewed,,Conditional,,,,,
-198012170,Militia Scribe Cutting Parchment,AB_Militia_Scribe_CuttingParchment02_AbilityGroup,Other,Aimed,,auto,,,Unreviewed,,Conditional,,,Maja the Dark Savant,,
-186690512,Militia Scribe Ranged Attack,AB_Militia_Scribe_RangedAttack_AbilityGroup,Other,Aimed,Channel,auto,,,Unreviewed,,Conditional,,,Maja the Dark Savant,,
-116877786,Militia Torch Throw,AB_Militia_TorchThrow_AbilityGroup,Other,CloseRange,,auto,,,Unreviewed,,Conditional,,,Militia Torchbearer,,
110097606,Mist Trance,AB_Illusion_MistTrance_AbilityGroup,Illusion|Defensive,CloseRange,,auto,,,Unreviewed,,Conditional,,,,,
2145809434,Mist Walk,AB_Undead_BishopOfDeath_FleshWarp_Travel_AbilityGroup,Other,Movement,,auto,,,Unreviewed,,Conditional,,,Lesser Blood Soul,,
-741006712,Monster Final Projectile,AB_Monster_FinalProjectile_AbilityGroup,Other,Aimed,,auto,,,Unreviewed,,Conditional,,,Adam the Firstborn,,
1883230955,Moose Charge,AB_Moose_Charge_AbilityGroup,Other,CloseRange,Channel,auto,,,Unreviewed,,Conditional,,,Moose,,
250913160,Moose Charge Winter,AB_Moose_Charge_Winter_AbilityGroup,Other,CloseRange,Channel,auto,,,Unreviewed,,Conditional,,,Moose,,
268059675,Mosquito,AB_Illusion_Mosquito_AbilityGroup,Illusion|Offensive,Summon,,auto,,,Unreviewed,,Conditional,,,,,
340686786,Mutant Flesh Golem Bulldoze,AB_Mutant_FleshGolem_Bulldoze_AbilityGroup,Other,CloseRange,Channel,auto,,,Unreviewed,,Conditional,,,Flesh Golem,,
-822790233,Mutant Rat Scratch Mutant Blood,AB_Mutant_Rat_Scratch_MutantBlood_Group,,CloseRange,,auto,,,Unreviewed,,Conditional,,,,,
1271143604,Mutant Spitter Projectile,AB_Mutant_Spitter_Projectile_AbilityGroup,Other,Aimed,Channel,auto,,,Unreviewed,,Conditional,,,Mutant Spitter,,
-1581417695,Nun Holy Projectile,AB_Nun_HolyProjectile_AbilityGroup,Other,Aimed,Channel,auto,,,Unreviewed,,Conditional,,,Christina the Sun Priestess,,
-1199987827,Nun Projectile,AB_Nun_Projectile_Group,Other,Aimed,,auto,,,Unreviewed,,Conditional,,,Nun,,
-1754021382,Nun VBlood Spawn Minions,AB_Nun_VBlood_SpawnMinions_AbilityGroup,Other,Summon,,auto,,,Unreviewed,,Conditional,,,Christina the Sun Priestess,,
413176017,Paladin Dash,AB_Paladin_Dash_AbilityGroup,Other,Aimed,,auto,,,Unreviewed,,Conditional,,,Paladin,,
124285667,Paladin Divine Angel Dash,AB_Paladin_DivineAngel_Dash_AbilityGroup,Other,Aimed,,auto,,,Unreviewed,,Conditional,,,Divine Angel,,
1309712000,Paladin Fallen Angel Bubble Popper,AB_Paladin_FallenAngel_BubblePopper_AbilityGroup,Other,Aimed,Channel,auto,,,Unreviewed,,Conditional,,,Fallen Angel,,
-1364891068,Paladin Fallen Angel Dash,AB_Paladin_FallenAngel_Dash_AbilityGroup,Other,Aimed,,auto,,,Unreviewed,,Conditional,,,Fallen Angel,,
-2053450457,Phantom Aegis,AB_Illusion_PhantomAegis_AbilityGroup,Illusion|Defensive,CloseRange,,auto,,,Unreviewed,,Conditional,,,,,
1852992863,Phantom Aegis,AB_Illusion_PhantomAegis_Recast_AbilityGroup,Other,CloseRange,,auto,,,Unreviewed,,Conditional,,,,,
-259433272,Pixie Projectile,AB_Pixie_Projectile_Group,Other,Aimed,,auto,,,Unreviewed,,Conditional,,,Pixie,,
-987810170,Polarity Shift,AB_Storm_PolarityShift_AbilityGroup,Storm|Offensive,Aimed,,auto,,,Unreviewed,,Conditional,,,,,
-1036943907,Poloma Pixie,AB_Poloma_Pixie_Group,Other,Summon,,auto,,,Unreviewed,,Conditional,,,Lesser Blood Soul,,
-321651703,Poloma Wolf,AB_Poloma_Wolf_AbilityGroup,Other,Aimed,Channel,auto,,,Unreviewed,,Conditional,,,Lesser Blood Soul,,
1576686583,Power Surge,AB_Chaos_PowerSurge_SpellMod_Recast_AbilityGroup,Other,CloseRange,,auto,,,Unreviewed,,Conditional,,,,,
-2025881745,Primary Attack,AB_ArchMage_FlamingIce_AbilityGroup,Other,Summon,Channel,auto,,,Unreviewed,,Conditional,,,Mairwyn the Elementalist,,
-1250624804,Primary Attack,AB_Bandit_Stalker_ChargeAttack_Group,Other,CloseRange,,auto,,,Unreviewed,,Conditional,,,Stalker,,
1365760673,Primary Attack,AB_Bandit_Stalker_MeleeAttack02_Group,Other,CloseRange,,auto,,,Unreviewed,,Conditional,,,,,
65616384,Primary Attack,AB_Bandit_Stalker_VBlood_ChargeAttack_Group,Other,CloseRange,Channel,auto,,,Unreviewed,,Conditional,,,Grayson the Armourer,,
593979922,Primary Attack,AB_Bandit_StoneBreaker_VBlood_MountainRumbler_AbilityGroup,Other,CloseRange,Channel,auto,,,Unreviewed,,Conditional,,,Errol the Stonebreaker,,
-96620724,Primary Attack,AB_Bandit_StoneBreaker_VBlood_RockSmash_AbilityGroup,Other,Aimed,,auto,,,Unreviewed,,Conditional,,,Errol the Stonebreaker,,
-331113507,Primary Attack,AB_Bandit_StoneBreaker_VBlood_SwingAttack_AbilityGroup,Other,CloseRange,,auto,,,Unreviewed,,Conditional,,,Errol the Stonebreaker,,
-691814641,Primary Attack,AB_Bandit_Thief_HeavyAttack_Group,Other,CloseRange,,auto,,,Unreviewed,,Conditional,,,Thief,,
1734839687,Primary Attack,AB_Bandit_Thief_MeleeAttack01_Group,Other,CloseRange,,auto,,,Unreviewed,,Conditional,,,Thief,,
-2106739571,Primary Attack,AB_Bandit_Thief_MeleeAttack02_Group,Other,CloseRange,,auto,,,Unreviewed,,Conditional,,,Thief,,
-1484849310,Primary Attack,AB_Bandit_Thief_SwiftSwing_Elite01_Group,Other,CloseRange,,auto,,,Unreviewed,,Conditional,,,,,
1112631726,Primary Attack,AB_Bandit_Thief_SwiftSwing_Elite02_Group,Other,CloseRange,,auto,,,Unreviewed,,Conditional,,,,,
2003603501,Primary Attack,AB_Bandit_Tourok_VBlood_ChaosWave_AbilityGroup,Other,CloseRange,Channel,auto,,,Unreviewed,,Conditional,,,Quincey the Bandit King,,
900927411,Primary Attack,AB_Bandit_Worker_Miner_Mine_AbilityGroup,Other,CloseRange,,auto,,,Unreviewed,,Conditional,,,Miner,,
5164221,Primary Attack,AB_BatSwarm_Melee_AbilityGroup,Other,CloseRange,,auto,,,Unreviewed,,Conditional,,,Giant Bat,,
160063059,Primary Attack,AB_Bear_AreaAttack_Group,Other,CloseRange,Channel,auto,,,Unreviewed,,Conditional,,,Cursed Bear,,
-1385141321,Primary Attack,AB_Bear_AreaAttack_Large_Group,Other,CloseRange,Channel,auto,,,Unreviewed,,Conditional,,,Arctic Bear,,
-1972594588,Primary Attack,AB_Bear_Dire_AreaAttack_AbilityGroup,Other,CloseRange,Channel,auto,,,Unreviewed,,Conditional,,,Kodia the Ferocious Bear,,
-1559349374,Primary Attack,AB_Bear_Dire_Roar_AbilityGroup,Other,Summon,Channel,auto,,,Unreviewed,,Conditional,,,Kodia the Ferocious Bear,,
616732424,Primary Attack,AB_Bear_Mutant_AreaAttack_Fast_Group,Other,CloseRange,,auto,,,Unreviewed,,Conditional,,,Mutated Bear,,
-44955695,Primary Attack,AB_Bear_Mutant_AreaAttack_Group,Other,CloseRange,Channel,auto,,,Unreviewed,,Conditional,,,Mutated Bear,,
-653938456,Primary Attack,AB_CastleMan_FlameWhip_SingleAttack_AbilityGroup,Other,CloseRange,,auto,,,Unreviewed,,Conditional,,,Simon Belmont the Vampire Hunter,,
-460221305,Primary Attack,AB_CastleMan_Grab_AbilityGroup,Other,CloseRange,,auto,,,Unreviewed,,Conditional,,,Simon Belmont the Vampire Hunter,,
-819795639,Primary Attack,AB_ChurchOfLight_Cleric_ShieldSlam_AbilityGroup,Other,CloseRange,,auto,,,Unreviewed,,Conditional,,,Cleric,,
1792964134,Primary Attack,AB_ChurchOfLight_Overseer_IceRecovery_AbilityGroup,Other,CloseRange,Channel,auto,,,Unreviewed,,Conditional,,,Sir Magnus the Overseer,,
1964067196,Primary Attack,AB_ChurchOfLight_Overseer_IcicleField_AbilityGroup,Other,Aimed,,auto,,,Unreviewed,,Conditional,,,Sir Magnus the Overseer,,
88026855,Primary Attack,AB_ChurchOfLight_Overseer_LanceCharge_Swing_AbilityGroup,Other,CloseRange,,auto,,,Unreviewed,,Conditional,,,,,
1825130923,Primary Attack,AB_ChurchOfLight_Paladin_SummonAngel_AbilityGroup,Other,Summon,Channel,auto,,,Unreviewed,,Conditional,,,Solarus the Immaculate,,
750606882,Primary Attack,AB_Cursed_MonsterToad_Swallow_AbilityGroup,Other,CloseRange,,auto,,,Unreviewed,,Conditional,,,Cursed Slime Toad,,
736733073,Primary Attack,AB_Cursed_MonsterToad_TongueSlap_AbilityGroup,Other,CloseRange,,auto,,,Unreviewed,,Conditional,,,Cursed Slime Toad,,
-1979483677,Primary Attack,AB_Cursed_Mosquito_DashAttack_AbilityGroup,Other,CloseRange,,auto,,,Unreviewed,,Conditional,,,Mosquito,,
2067796423,Primary Attack,AB_Cursed_MountainBeast_KongPound_AbilityGroup,Other,CloseRange,Channel,auto,,,Unreviewed,,Conditional,,,Gorecrusher the Behemoth,,
1292896032,Primary Attack,AB_Cursed_ToadKing_Swallow_AbilityGroup,Other,CloseRange,,auto,,,Unreviewed,,Conditional,,,Albert the Duke of Balaton,,
-514415940,Primary Attack,AB_Cursed_ToadKing_TongueGrab_AbilityGroup,Other,CloseRange,,auto,,,Unreviewed,,Conditional,,,Albert the Duke of Balaton,,
191219781,Primary Attack,AB_Dasher_Launcher_AbilityGroup,Other,CloseRange,,auto,,,Unreviewed,,Conditional,,,Harpy Dasher,,
1524767753,Primary Attack,AB_Dasher_Melee_AbilityGroup,Other,CloseRange,,auto,,,Unreviewed,,Conditional,,,Harpy Dasher,,
2034438314,Primary Attack,AB_Devoted_BasicAttack_Group,Other,CloseRange,,auto,,,Unreviewed,,Conditional,,,Devoted,,
474075607,Primary Attack,AB_Devoted_Smite_Group,Other,Aimed,Channel,auto,,,Unreviewed,,Conditional,,,Devoted,,
-1924032736,Primary Attack,AB_Dreadhorn_AreaAttack_AbilityGroup,Other,CloseRange,Channel,auto,,,Unreviewed,,Conditional,,,Dreadhorn,,
-2081714952,Primary Attack,AB_Dreadhorn_Trample_AbilityGroup,Other,CloseRange,,auto,,,Unreviewed,,Conditional,,,Dreadhorn,,
979394873,Primary Attack,AB_Footman_Thrust_Group,Other,CloseRange,,auto,,,Unreviewed,,Conditional,,,Footman,,
2106422510,Primary Attack,AB_Geomancer_GroundSlam_Group,Other,CloseRange,Channel,auto,,,Unreviewed,,Conditional,,,Terah the Geomancer,,
-221719333,Primary Attack,AB_Geomancer_RockSlam_AbilityGroup,Other,CloseRange,,auto,,,Unreviewed,,Conditional,,,Terah the Geomancer,,
898033701,Primary Attack,AB_GiantCrow_Peck_AbilityGroup,Other,CloseRange,,auto,,,Unreviewed,,Conditional,,,Crow,,
-1954926268,Primary Attack,AB_Gloomrot_AceIncinerator_CarpetIncineration_AbilityGroup,Other,Aimed,,auto,,,Unreviewed,,Conditional,,,Ace Incinerator,,
286182923,Primary Attack,AB_Gloomrot_Railgunner_WideShot_AbilityGroup,Other,CloseRange,,auto,,,Unreviewed,,Conditional,,,Railgunner,,
1623874343,Primary Attack,AB_Gloomrot_RailgunSergeant_CloakField_AbilityGroup,Other,CloseRange,Channel,auto,,,Unreviewed,,Conditional,,,Voltatia the Power Master,,
-900859351,Primary Attack,AB_Gloomrot_RailgunSergeant_WideShot_AbilityGroup,Other,CloseRange,,auto,,,Unreviewed,,Conditional,,,Voltatia the Power Master,,
-349738324,Primary Attack,AB_Gloomrot_TractorBeamer_MeleeFollowUp_AbilityGroup,Other,CloseRange,,auto,,,Unreviewed,,Conditional,,,Tractor Beamer,,
1653116246,Primary Attack,AB_Gloomrot_TractorBeamer_ShieldBeam_AbilityGroup,Other,CloseRange,Channel,auto,,,Unreviewed,,Conditional,,,Tractor Beamer,,
1721154667,Primary Attack,AB_Harpy_Launcher_AbilityGroup,Other,CloseRange,,auto,,,Unreviewed,,Conditional,,,,,
-317399619,Primary Attack,AB_Harpy_Melee_AbilityGroup,Other,CloseRange,,auto,,,Unreviewed,,Conditional,,,,,
-650192545,Primary Attack,AB_HostileVillager_PitchforkAttack_AbilityGroup,Other,CloseRange,,auto,,,Unreviewed,,Conditional,,,Villager,,
477397109,Primary Attack,AB_HostileVillager_ShovelAttack_AbilityGroup,Other,CloseRange,,auto,,,Unreviewed,,Conditional,,,Villager,,
1766924388,Primary Attack,AB_IceRanger_LurkerSpikes_AbilityGroup,Other,Aimed,,auto,,,Unreviewed,,Conditional,,,General Elena the Hollow,,
-808864212,Primary Attack,AB_IceRanger_LurkerSpikes_Split_AbilityGroup,Other,Aimed,Channel,auto,,,Unreviewed,,Conditional,,,General Elena the Hollow,,
-117718548,Primary Attack,AB_InkCrawler_Melee_AbilityGroup,Other,CloseRange,,auto,,,Unreviewed,,Conditional,,,Ink Demon,,
1749064378,Primary Attack,AB_IronGolem_GroundSlam_AbilityGroup,Other,CloseRange,Channel,auto,,,Unreviewed,,Conditional,,,Blood Golem,,
-1660458588,Primary Attack,AB_IronGolem_RockSlam_AbilityGroup,Other,Aimed,,auto,,,Unreviewed,,Conditional,,,Blood Golem,,
870237772,Primary Attack,AB_Iva_BallLightning_AbilityGroup,Other,CloseRange,Channel,auto,,,Unreviewed,,Conditional,,,Ziva the Engineer,,
-786900742,Primary Attack,AB_Iva_BFG_Orb_AbilityGroup,Other,CloseRange,Channel,auto,,,Unreviewed,,Conditional,,,Ziva the Engineer,,
-639593760,Primary Attack,AB_Iva_JetDash_AbilityGroup,Other,CloseRange,,auto,,,Unreviewed,,Conditional,,,Ziva the Engineer,,
-1108325193,Primary Attack,AB_Knight_2H_BasicAttack_AbilityGroup,Other,CloseRange,,auto,,,Unreviewed,,Conditional,,,,,
-1462154593,Primary Attack,AB_Knight_2H_Charge_AbilityGroup,Other,CloseRange,,auto,,,Unreviewed,,Conditional,,,Knight,,
-1330909978,Primary Attack,AB_Knight_2H_StepAttack_AbilityGroup,Other,CloseRange,Channel,auto,,,Unreviewed,,Conditional,,,Knight,,
-56422536,Primary Attack,AB_Knight_Shield_ShieldAttack_Group,Other,CloseRange,,auto,,,Unreviewed,,Conditional,,,,,
377144854,Primary Attack,AB_Knight_Shield_ShieldHeavyAttack_Group,Other,CloseRange,,auto,,,Unreviewed,,Conditional,,,Knight,,
2138222166,Primary Attack,AB_Legion_Assassin_DoubleStrikeFollowUp_AbilityGroup,Other,CloseRange,,auto,,,Unreviewed,,Conditional,,,Exsanguinator,,
-2049927912,Primary Attack,AB_Legion_Assassin_HeavyAttack_AbilityGroup,Other,CloseRange,,auto,,,Unreviewed,,Conditional,,,Exsanguinator,,
-1762655324,Primary Attack,AB_Legion_Assassin_JumpBackward_AbilityGroup,Other,CloseRange,,auto,,,Unreviewed,,Conditional,,,Exsanguinator,,
-55735320,Primary Attack,AB_Legion_Assassin_JumpForward_AbilityGroup,Other,CloseRange,,auto,,,Unreviewed,,Conditional,,,Exsanguinator,,
-321918794,Primary Attack,AB_Legion_Guardian_Charge_AbilityGroup,Other,CloseRange,,auto,,,Unreviewed,,Conditional,,,,,
-1989618782,Primary Attack,AB_Legion_Guardian_ChargeFollowUp_AbilityGroup,Other,CloseRange,,auto,,,Unreviewed,,Conditional,,,,,
-1262881470,Primary Attack,AB_Legion_Nightmaiden_JumpBackward_AbilityGroup,Other,CloseRange,,auto,,,Unreviewed,,Conditional,,,Night Maiden,,
-324538848,Primary Attack,AB_Legion_NightMaiden_WhipTwirl_AbilityGroup,Other,CloseRange,Channel,auto,,,Unreviewed,,Conditional,,,Night Maiden,,
2115527946,Primary Attack,AB_Manticore_TailSpin_AbilityGroup,Other,CloseRange,Channel,auto,,,Unreviewed,,Conditional,,,Talzur the Winged Horror,,
-1744671763,Primary Attack,AB_Manticore_TailStrike_AbilityGroup,Other,CloseRange,,auto,,,Unreviewed,,Conditional,,,Talzur the Winged Horror,,
-1547108554,Primary Attack,AB_Manticore_Turn180Left_AbilityGroup,Other,CloseRange,,auto,,,Unreviewed,,Conditional,,,Talzur the Winged Horror,,
1373056433,Primary Attack,AB_Manticore_Turn180Right_AbilityGroup,Other,CloseRange,,auto,,,Unreviewed,,Conditional,,,Talzur the Winged Horror,,
45443379,Primary Attack,AB_Manticore_TurnSwipeLeft_AbilityGroup,Other,CloseRange,,auto,,,Unreviewed,,Conditional,,,Talzur the Winged Horror,,
341041700,Primary Attack,AB_Matriarch_Launcher_AbilityGroup,Other,CloseRange,,auto,,,Unreviewed,,Conditional,,,Morian the Stormwing Matriarch,,
-1389186216,Primary Attack,AB_Matriarch_Melee_AbilityGroup,Other,CloseRange,,auto,,,Unreviewed,,Conditional,,,Morian the Stormwing Matriarch,,
-668603830,Primary Attack,AB_Militia_Guard_ShieldAttack_Group,Other,CloseRange,,auto,,,Unreviewed,,Conditional,,,Militia Guard,,
-743963442,Primary Attack,AB_Militia_Guard_VBlood_IceBreaker_AbilityGroup,Other,CloseRange,,auto,,,Unreviewed,,Conditional,,,Vincent the Frostbringer,,
951831242,Primary Attack,AB_Militia_Heavy_ShieldBash_Group,Other,CloseRange,,auto,,,Unreviewed,,Conditional,,,Militia Veteran,,
340577476,Primary Attack,AB_Militia_Hound_Bite_AbilityGroup,Other,CloseRange,,auto,,,Unreviewed,,Conditional,,,Brutus the Watcher,,
-2015856259,Primary Attack,AB_Militia_Leader_LeapAttack_Init_AbilityGroup,Other,CloseRange,,auto,,,Unreviewed,,Conditional,,,Octavian the Militia Captain,,
-241312231,Primary Attack,AB_Militia_MeleeHorizontal_AbilityGroup,Other,CloseRange,,auto,,,Unreviewed,,Conditional,,,Octavian the Militia Captain,,
-1228302737,Primary Attack,AB_Militia_MeleeHorizontal_HardFollowup_AbilityGroup,Other,CloseRange,,auto,,,Unreviewed,,Conditional,,,Octavian the Militia Captain,,
2142000031,Primary Attack,AB_Militia_MeleeStraight_AbilityGroup,Other,Aimed,,auto,,,Unreviewed,,Conditional,,,Octavian the Militia Captain,,
-735966107,Primary Attack,AB_Militia_MeleeStraight_HardFollowup_AbilityGroup,Other,Aimed,,auto,,,Unreviewed,,Conditional,,,Octavian the Militia Captain,,
1599972576,Primary Attack,AB_Militia_Miner_Mine_AbilityGroup,Other,CloseRange,,auto,,,Unreviewed,,Conditional,,,Miner,,
-592301846,Primary Attack,AB_Militia_Scribe_InkExplosion_AbilityGroup,Other,Summon,Channel,auto,,,Unreviewed,,Conditional,,,Maja the Dark Savant,,
-1922948406,Primary Attack,AB_Militia_Scribe_InkFuel_AbilityGroup,Other,CloseRange,,auto,,,Unreviewed,,Conditional,,,Maja the Dark Savant,,
-1503327574,Primary Attack,AB_Monster_ElectricField_AbilityGroup,Other,CloseRange,Channel,auto,,,Unreviewed,,Conditional,,,Adam the Firstborn,,
723715376,Primary Attack,AB_Monster_Grab_AbilityGroup,Other,CloseRange,,auto,,,Unreviewed,,Conditional,,,Adam the Firstborn,,
164595507,Primary Attack,AB_Monster_PierceShock_AbilityGroup,Other,CloseRange,,auto,,,Unreviewed,,Conditional,,,Adam the Firstborn,,
257418700,Primary Attack,AB_Monster_PierceShock_Swing_AbilityGroup,Other,CloseRange,,auto,,,Unreviewed,,Conditional,,,,,
764489448,Primary Attack,AB_Monster_Stomp_AbilityGroup,Other,CloseRange,Channel,auto,,,Unreviewed,,Conditional,,,Adam the Firstborn,,
-764767694,Primary Attack,AB_Moose_AreaAttack_Group,Other,CloseRange,Channel,auto,,,Unreviewed,,Conditional,,,Moose,,
-79098693,Primary Attack,AB_Mutant_FleshGolem_BodySlam_AbilityGroup,Other,CloseRange,Channel,auto,,,Unreviewed,,Conditional,,,Flesh Golem,,
1459248190,Primary Attack,AB_Mutant_FleshGolem_Grab_AbilityGroup,Other,CloseRange,,auto,,,Unreviewed,,Conditional,,,Flesh Golem,,
-1485105952,Primary Attack,AB_Mutant_FleshGolem_Grab_Followup_AbilityGroup,Other,CloseRange,,auto,,,Unreviewed,,Conditional,,,Flesh Golem,,
-650383304,Primary Attack,AB_Mutant_Rat_Scratch_Group,Other,CloseRange,,auto,,,Unreviewed,,Conditional,,,Rat Horror,,
1771061239,Primary Attack,AB_Mutant_Spitter_Bash_AbilityGroup,Other,CloseRange,,auto,,,Unreviewed,,Conditional,,,Mutant Spitter,,
-14207169,Primary Attack,AB_Nightlurker_HeavyAttack_AbilityGroup,Other,CloseRange,,auto,,,Unreviewed,,Conditional,,,Night Lurker,,
-195118922,Primary Attack,AB_Nightlurker_MeleeAttack01_AbilityGroup,Other,CloseRange,,auto,,,Unreviewed,,Conditional,,,Night Lurker,,
1708209167,Primary Attack,AB_Nightlurker_MeleeAttack02_AbilityGroup,Other,CloseRange,,auto,,,Unreviewed,,Conditional,,,Night Lurker,,
-448018551,Primary Attack,AB_Paladin_ChargeMeleeAttack_AbilityGroup,Other,CloseRange,,auto,,,Unreviewed,,Conditional,,,Paladin,,
1926314891,Primary Attack,AB_Paladin_HolyNuke_AbilityGroup,Other,CloseRange,Channel,auto,,,Unreviewed,,Conditional,,,Paladin,,
-626021308,Primary Attack,AB_Paladin_ShockWaveSlam_AbilityGroup,Other,CloseRange,,auto,,,Unreviewed,,Conditional,,,Paladin,,
-1145923288,Primary Attack,AB_Pistols_ExplosiveShot_Shot_AbilityGroup,Other,Aimed,,auto,,,Unreviewed,,Conditional,,,,,
1913579080,Primary Attack,AB_Pistols_ExplosiveShot_Shot_Recast_AbilityGroup,Other,Aimed,,auto,,,Unreviewed,,Conditional,,,,,
-939006306,Primary Attack,AB_Poloma_SpiritRift_Group,Other,CloseRange,Channel,auto,,,Unreviewed,,Conditional,,,Lesser Blood Soul,,
992487676,Primary Attack,AB_Prog_Boomerang_Group,Other,CloseRange,,auto,,,Unreviewed,,Conditional,,,,,
1922493152,Primary Attack,AB_Purifier_ChaosQuake_AbilityGroup,Other,CloseRange,Channel,auto,,,Unreviewed,,Conditional,,,Primal Blood Soul,,
698366326,Primary Attack,AB_Purifier_JetPunch_AbilityGroup,Other,CloseRange,,auto,,,Unreviewed,,Conditional,,,Primal Blood Soul,,
452849117,Primary Attack,AB_Purifier_JetPunch_Swing_AbilityGroup,Other,CloseRange,,auto,,,Unreviewed,,Conditional,,,,,
382761265,Primary Attack,AB_Scarecrow_Scream_Group,Other,CloseRange,Channel,auto,,,Unreviewed,,Conditional,,,Scarecrow,,
1245308829,Primary Attack,AB_Scratcher_Launcher_AbilityGroup,Other,CloseRange,,auto,,,Unreviewed,,Conditional,,,Harpy Scratcher,,
769558056,Primary Attack,AB_Scratcher_Melee_AbilityGroup,Other,CloseRange,,auto,,,Unreviewed,,Conditional,,,Harpy Scratcher,,
-1262842180,Primary Attack,AB_Shapeshift_Wolf_Bite_Group,Other,CloseRange,,auto,,,Unreviewed,,Conditional,,,,,
1423169435,Primary Attack,AB_SlaveMaster_Hook_AbilityGroup,Other,CloseRange,,auto,,,Unreviewed,,Conditional,,,Slave Master,,
-725150213,Primary Attack,AB_SlaveMaster_Knockdown_AbilityGroup,Other,CloseRange,,auto,,,Reviewed,reaction,Conditional,,,Slave Master,yes,B1 audit: reaction (counter/knockdown) — may be a real CC; evaluate in-game
-366103191,Primary Attack,AB_SlaveMaster_ScatterShot_AbilityGroup,Other,CloseRange,,auto,,,Unreviewed,,Conditional,,,,,
-1969627539,Primary Attack,AB_SlaveMaster_Swing_AbilityGroup,Other,CloseRange,,auto,,,Unreviewed,,Conditional,,,Slave Master,,
2122592609,Primary Attack,AB_SlaveRuffian_Mine_AbilityGroup,Other,CloseRange,,auto,,,Unreviewed,,Conditional,,,Ruffian,,
1168210403,Primary Attack,AB_Sommelier_GroundStab_AbilityGroup,Other,CloseRange,Channel,auto,,,Unreviewed,,Conditional,,,Baron du Bouchon the Sommelier,,
1078822594,Primary Attack,AB_Sommelier_MeleeHorizontal_AbilityGroup,Other,CloseRange,,auto,,,Unreviewed,,Conditional,,,Baron du Bouchon the Sommelier,,
-1157907958,Primary Attack,AB_Sommelier_MeleeSwing_AbilityGroup,Other,CloseRange,,auto,,,Unreviewed,,Conditional,,,Baron du Bouchon the Sommelier,,
-891106318,Primary Attack,AB_Spider_Baneling_Explode_Poison_Group,Other,CloseRange,,auto,,,Unreviewed,,Conditional,,,Unstable Spider,,
-1425167877,Primary Attack,AB_Spider_Forest_Cocoonify_AbilityGroup,Other,Summon,Channel,auto,,,Unreviewed,,Conditional,,,Forest Dweller,,
-292254536,Primary Attack,AB_Spider_Forestling_Attack_AbilityGroup,Other,CloseRange,,auto,,,Unreviewed,,Conditional,,,Forest Spawnling,,
1693120911,Primary Attack,AB_Spider_Melee_FastMeleeAttack_Group,Other,CloseRange,,auto,,,Unreviewed,,Conditional,,,Spider Melee Gate Boss Summon,,
2130811227,Primary Attack,AB_Spider_Queen_Cocoonify_AbilityGroup,Other,Summon,,auto,,,Unreviewed,,Conditional,,,Primal Blood Soul,,
-1694480301,Primary Attack,AB_Spider_Range_CloseAttack_Group,Other,CloseRange,,auto,,,Unreviewed,,Conditional,,,Weaver,,
-1655641312,Primary Attack,AB_Spider_Spiderling_Attack_Group,Other,CloseRange,,auto,,,Unreviewed,,Conditional,,,Spiderling,,
-1045581646,Primary Attack,AB_StoneGolem_GroundSlam_AbilityGroup,Other,CloseRange,Channel,auto,,,Unreviewed,,Conditional,,,Stone Golem,,
418002062,Primary Attack,AB_StoneGolem_RockSlam_AbilityGroup,Other,Aimed,,auto,,,Unreviewed,,Conditional,,,Stone Golem,,
1487412876,Primary Attack,AB_Trader_Farbane_Stalker_ChargeAttack_Group,Other,CloseRange,,auto,,,Unreviewed,,Conditional,,,Shady Gem Dealer,,
787005490,Primary Attack,AB_Trader_Farbane_Theif_HeavyAttack_Group,Other,CloseRange,,auto,,,Unreviewed,,Conditional,,,Shady Goods Dealer,,
-1844993528,Primary Attack,AB_Trader_Farbane_Thief_MeleeAttack01_Group,Other,CloseRange,,auto,,,Unreviewed,,Conditional,,,Shady Goods Dealer,,
922686381,Primary Attack,AB_Trader_Farbane_Thief_MeleeAttack02_Group,Other,CloseRange,,auto,,,Unreviewed,,Conditional,,,Treasure Hunter,,
-1553594984,Primary Attack,AB_Undead_Assassin_DoubleStrikeFollowUp_AbilityGroup,Other,CloseRange,,auto,,,Unreviewed,,Conditional,,,Undead Assassin,,
561623729,Primary Attack,AB_Undead_Assassin_HeavyAttack_AbilityGroup,Other,CloseRange,,auto,,,Unreviewed,,Conditional,,,Undead Assassin,,
-1651089042,Primary Attack,AB_Undead_Assassin_JumpBackward_AbilityGroup,Other,CloseRange,,auto,,,Unreviewed,,Conditional,,,Undead Assassin,,
-163679409,Primary Attack,AB_Undead_Assassin_JumpForward_AbilityGroup,Other,CloseRange,,auto,,,Unreviewed,,Conditional,,,Undead Assassin,,
-1160883278,Primary Attack,AB_Undead_Banshee_HeavyAttack_Group,Other,CloseRange,,auto,,,Unreviewed,,Conditional,,,Banshee,,
633696135,Primary Attack,AB_Undead_Banshee_Shriek_Group,Other,CloseRange,Channel,auto,,,Unreviewed,,Conditional,,,Banshee,,
-1398375841,Primary Attack,AB_Undead_Banshee_Teleport_Group,Other,Aimed,,auto,,,Unreviewed,,Conditional,,,Banshee,,
57588514,Primary Attack,AB_Undead_GhostAssassin_DoubleStrikeFollowUp_AbilityGroup,Other,CloseRange,,auto,,,Unreviewed,,Conditional,,,Ghost Assassin,,
1791635791,Primary Attack,AB_Undead_GhostAssassin_HeavyAttack_AbilityGroup,Other,CloseRange,,auto,,,Unreviewed,,Conditional,,,Ghost Assassin,,
236831977,Primary Attack,AB_Undead_GhostAssassin_JumpBackward_AbilityGroup,Other,CloseRange,,auto,,,Unreviewed,,Conditional,,,Ghost Assassin,,
-923762386,Primary Attack,AB_Undead_GhostAssassin_JumpForward_AbilityGroup,Other,CloseRange,,auto,,,Unreviewed,,Conditional,,,Ghost Assassin,,
955484879,Primary Attack,AB_Undead_GhostGuardian_Charge_AbilityGroup,Other,CloseRange,,auto,,,Unreviewed,,Conditional,,,Ghost Guardian,,
1059734295,Primary Attack,AB_Undead_GhostGuardian_ChargeFollowUp_AbilityGroup,Other,CloseRange,,auto,,,Unreviewed,,Conditional,,,Ghost Guardian,,
-955554663,Primary Attack,AB_Undead_Guardian_Charge_AbilityGroup,Other,CloseRange,,auto,,,Unreviewed,,Conditional,,,Undead Guardian,,
124368471,Primary Attack,AB_Undead_Guardian_ChargeFollowUp_AbilityGroup,Other,CloseRange,,auto,,,Unreviewed,,Conditional,,,Undead Guardian,,
-1532726733,Primary Attack,AB_Undead_Infiltrator_AfterImage_AbilityGroup,Other,CloseRange,,auto,,,Unreviewed,,Conditional,,,Primal Blood Soul,,
1986068244,Primary Attack,AB_Undead_Infiltrator_ArmyOfShadows_AbilityGroup,Other,CloseRange,Channel,auto,,,Unreviewed,,Conditional,,,Primal Blood Soul,,
-1422240708,Primary Attack,AB_Undead_Infiltrator_HeavyAttack_AbilityGroup,Other,CloseRange,,auto,,,Unreviewed,,Conditional,,,Primal Blood Soul,,
-1108274345,Primary Attack,AB_Undead_Infiltrator_MasterOfDisguise_AbilityGroup,Other,CloseRange,Channel,auto,,,Unreviewed,,Conditional,,,,,
94933870,Primary Attack,AB_Undead_Infiltrator_ShadowFlurry_AbilityGroup,Other,CloseRange,Channel,auto,,,Unreviewed,,Conditional,,,Primal Blood Soul,,
211628325,Primary Attack,AB_Undead_Leader_AreaAttack_Group,Other,CloseRange,Channel,auto,,,Unreviewed,,Conditional,,,Kriig the Undead General,,
-660542965,Primary Attack,AB_Undead_ShadowSoldier_GateBoss_ShadowStrike_Strike_AbilityGroup,Other,CloseRange,,auto,,,Unreviewed,,Conditional,,,,,
1435233272,Primary Attack,AB_Undead_ShadowSoldier_ShadowStrike_Strike_AbilityGroup,Other,CloseRange,,auto,,,Unreviewed,,Conditional,,,,,
937561987,Primary Attack,AB_Undead_SkeletonGolem_Swallow_AbilityGroup,Other,Aimed,,auto,,,Unreviewed,,Conditional,,,Corpse Pile,,
-1912093062,Primary Attack,AB_Undead_ZealousCultist_Ghost_Possess_AbilityGroup,Other,CloseRange,Channel,auto,,,Unreviewed,,Conditional,,,Banshee,,
-597391921,Primary Attack,AB_Undead_ZealousCultist_ShadowMeld_Melee_AbilityGroup,Other,CloseRange,,auto,,,Unreviewed,,Conditional,,,Foulrot the Soultaker,,
483769006,Primary Attack,AB_Unholy_DeathKnightStrike_AbilityGroup,Other,Summon,,auto,,,Unreviewed,,Conditional,,,Unholy Death Knight,,
-1356470853,Primary Attack,AB_Unholy_UnstableArarchnid_Explode_AbilityGroup,Other,Summon,,auto,,,Unreviewed,,Conditional,,,Unstable Spider,,
-1439531953,Primary Attack,AB_Vampire_Axe_Primary_Mounted_AbilityGroup,Other,CloseRange,,auto,,,Unreviewed,,Conditional,,,,,
-1730693034,Primary Attack,AB_Vampire_BloodKnight_FieldOfSpears_AbilityGroup,Other,Aimed,,auto,,,Unreviewed,,Conditional,,,General Valencia the Depraved,,
-1069881409,Primary Attack,AB_Vampire_BloodKnight_LineupDash_AbilityGroup,Other,Movement,,auto,,,Unreviewed,,Conditional,,,General Valencia the Depraved,,
1636251764,Primary Attack,AB_Vampire_CrimsonIronMaiden_Entomb_AbilityGroup,Other,CloseRange,,auto,,,Unreviewed,,Conditional,,,Crimson Maiden,,
1070827786,Primary Attack,AB_Vampire_Crossbow_Primary_Group,Other,Summon,,auto,,,Unreviewed,,Conditional,,,,,
-187744612,Primary Attack,AB_Vampire_Crossbow_Primary_Mounted_Group,Other,Aimed,,auto,,,Unreviewed,,Conditional,,,,,
-1362190512,Primary Attack,AB_Vampire_Dracula_WolfFollowup_Right_AbilityGroup,Other,CloseRange,,auto,,,Unreviewed,,Conditional,,,Dracula the Immortal King,,
174655882,Primary Attack,AB_Vampire_GreatSword_Mounted_AbilityGroup,Other,CloseRange,,auto,,,Unreviewed,,Conditional,,,,,
-8479990,Primary Attack,AB_Vampire_Longbow_Primary_AbilityGroup,Other,Summon,Channel,auto,,,Unreviewed,,Conditional,,,,,
815729526,Primary Attack,AB_Vampire_Longbow_Primary_Mounted_Group,Other,Summon,Channel,auto,,,Unreviewed,,Conditional,,,,,
-1874296899,Primary Attack,AB_Vampire_Mace_Primary_Mounted_AbilityGroup,Other,CloseRange,,auto,,,Unreviewed,,Conditional,,,,,
-1360812741,Primary Attack,AB_Vampire_Reaper_Primary_Mounted_AbilityGroup,Other,CloseRange,,auto,,,Unreviewed,,Conditional,,,,,
-1315478418,Primary Attack,AB_Vampire_Slashers_Primary_Mounted_AbilityGroup,Other,CloseRange,,auto,,,Unreviewed,,Conditional,,,,,
409165231,Primary Attack,AB_Vampire_Spear_Primary_Mounted_AbilityGroup,Other,CloseRange,,auto,,,Unreviewed,,Conditional,,,,,
1612184116,Primary Attack,AB_Vampire_Sword_Primary_Mounted_AbilityGroup,Other,CloseRange,,auto,,,Unreviewed,,Conditional,,,,,
-57462538,Primary Attack,AB_Vampire_Unarmed_Primary_Mounted_AbilityGroup,Other,CloseRange,,auto,,,Unreviewed,,Conditional,,,,,
-593875444,Primary Attack,AB_Vampire_Withered_SlowAttack_Group,Other,CloseRange,,auto,,,Unreviewed,,Conditional,,,Withered Vampire,,
-1770479364,Primary Attack,AB_VBlood_IceRanger_Primary_AbilityGroup,Other,Aimed,Channel,auto,,,Unreviewed,,Conditional,,,General Elena the Hollow,,
-336633586,Primary Attack,AB_VBlood_IceRanger_Primary_Followup_AbilityGroup,Other,Aimed,,auto,,,Unreviewed,,Conditional,,,General Elena the Hollow,,
-70575944,Primary Attack,AB_Vermin_DireRat_MultiGnaw_AbilityGroup,Other,CloseRange,,auto,,,Unreviewed,,Conditional,,,Nibbles the Putrid Rat,,
1450204157,Primary Attack,AB_Vermin_DireRat_MultiGnawBuff_AbilityGroup,Other,CloseRange,,auto,,,Unreviewed,,Conditional,,,Nibbles the Putrid Rat,,
-1024883556,Primary Attack,AB_Vermin_DireRat_PoisonBurst_AbilityGroup,Other,CloseRange,Channel,auto,,,Unreviewed,,Conditional,,,Nibbles the Putrid Rat,,
1552780633,Primary Attack,AB_VHunter_Leader_MeleeHorizontal_Group,Other,CloseRange,,auto,,,Unreviewed,,Conditional,,,Tristan the Vampire Hunter,,
224496996,Primary Attack,AB_VHunter_Leader_MeleeStraight_Group,Other,CloseRange,,auto,,,Unreviewed,,Conditional,,,Tristan the Vampire Hunter,,
1851411882,Primary Attack,AB_Voltage_KickCombo_Final_AbilityGroup,Other,CloseRange,,auto,,,Unreviewed,,Conditional,,,Domina the Blade Dancer,,
788963695,Primary Attack,AB_Voltage_SprintKick_AbilityGroup,Other,CloseRange,,auto,,,Unreviewed,,Conditional,,,Domina the Blade Dancer,,
-1143650386,Primary Attack,AB_Voltage_SprintKick_Antip_AbilityGroup,Other,CloseRange,,auto,,,Unreviewed,,Conditional,,,Domina the Blade Dancer,,
-1372140488,Primary Attack,AB_Voltage_Swap_AbilityGroup,Other,CloseRange,,auto,,,Unreviewed,,Conditional,,,Domina the Blade Dancer,,
1191517048,Primary Attack,AB_Voltage_Whip_AbilityGroup,Other,CloseRange,,auto,,,Unreviewed,,Conditional,,,Domina the Blade Dancer,,
54541608,Primary Attack,AB_Wendigo_IceDash_Init_AbilityGroup,Other,Movement,,auto,,,Unreviewed,,Conditional,,,Frostmaw the Mountain Terror,,
203761859,Primary Attack,AB_Wendigo_IceDash_Strike_AbilityGroup,Other,CloseRange,,auto,,,Unreviewed,,Conditional,,,Frostmaw the Mountain Terror,,
-496233120,Primary Attack,AB_Wendigo_IceDash_Travel_AbilityGroup,Other,Movement,,auto,,,Unreviewed,,Conditional,,,Frostmaw the Mountain Terror,,
-2090815764,Primary Attack,AB_Wendigo_SnowStorm_AbilityGroup,Other,CloseRange,Channel,auto,,,Unreviewed,,Conditional,,,Frostmaw the Mountain Terror,,
-1789525825,Primary Attack,AB_Werewolf_Bite_AbilityGroup,Other,CloseRange,,auto,,,Unreviewed,,Conditional,,,Villager,,
151283351,Primary Attack,AB_Winter_Yeti_Avalanche_AbilityGroup,Other,Aimed,,auto,,,Unreviewed,,Conditional,,,Terrorclaw the Ogre,,
1910986910,Primary Attack,AB_Winter_Yeti_IceCrack_AbilityGroup,Other,Aimed,,auto,,,Unreviewed,,Conditional,,,Terrorclaw the Ogre,,
1558429115,Primary Attack,AB_Wolf_Boss_Bite_Enraged_Group,Other,CloseRange,,auto,,,Unreviewed,,Conditional,,,Alpha the White Wolf,,
-1654954396,Primary Attack,AB_Wolf_Boss_Bite_Group,Other,CloseRange,,auto,,,Unreviewed,,Conditional,,,Alpha the White Wolf,,
128007572,Primärangriff,AB_Vampire_Whip_Primary_Mounted_AbilityGroup,Other,CloseRange,,auto,,,Unreviewed,,Conditional,,,,,
2111431121,Raging Tempest,AB_Storm_RagingTempest_AbilityGroup,Storm|Ultimate,CloseRange,,auto,,,Unreviewed,,Conditional,,,,,
1187864883,Rain of Bolts,AB_Bandit_Foreman_BoltStorm_Group,Other,CloseRange,Channel,auto,,,Unreviewed,,Conditional,,,Lesser Blood Soul,,
765386506,Rain of Bolts,AB_Vampire_Crossbow_IceShard_Group,Other,CloseRange,,auto,,,Unreviewed,,Conditional,,,General Elena the Hollow,,
-1760359784,Rain of Bolts,AB_Vampire_Crossbow_RainOfBolts_Group,Other,CloseRange,,auto,,,Unreviewed,,Conditional,,,,,
1622839653,Rifleman Projectile,AB_Rifleman_Projectile_Group,Other,Aimed,,auto,,,Unreviewed,,Conditional,,,Rifleman,,
-223453383,Roar,AB_Shapeshift_Golem_T02_Roar_AbilityGroup,Blood|Defensive,CloseRange,,auto,,,Unreviewed,,Conditional,,,,,
-150520781,Rock Elemental Rollout,AB_RockElemental_Rollout_AbilityGroup,Other,CloseRange,,auto,,,Unreviewed,,Conditional,,,Rock Elemental,,
1166812757,Salto ártico,AB_Legion_Vargulf_MaulSetup_TravelRight_AbilityGroup,Other,Movement,,auto,,,Unreviewed,,Conditional,,,Bestia asesina,,
215933642,Sanguine Coil,AB_Sommelier_BloodBolt_AbilityGroup,Other,Aimed,Channel,auto,,,Unreviewed,,Conditional,,,Baron du Bouchon the Sommelier,,
594778109,Scarecrow Projectile,AB_Scarecrow_Projectile_Group,Other,Aimed,Channel,auto,,,Unreviewed,,Conditional,,,Scarecrow,,
-265839081,Scratcher Dash,AB_Scratcher_Dash_AbilityGroup,Other,Aimed,,auto,,,Unreviewed,,Conditional,,,Mutilatrice harpie,,
1239155316,Sea Serpent Acid Puke,AB_SeaSerpent_AcidPuke_AbilityGroup,Other,Aimed,,auto,,,Unreviewed,,Conditional,,,,,
-749389155,Secondary Attack,AB_Cursed_Mountainbeast_HornFlick_AbilityGroup,Other,CloseRange,,auto,,,Unreviewed,,Conditional,,,Gorecrusher the Behemoth,,
-453331838,Secondary Attack,AB_Cursed_Mountainbeast_MeleeStraight_AbilityGroup,Other,CloseRange,,auto,,,Unreviewed,,Conditional,,,Gorecrusher the Behemoth,,
-1321161639,Secondary Attack,AB_Winter_Yeti_FrostBite_AbilityGroup,Other,CloseRange,,auto,,,Unreviewed,,Conditional,,,Terrorclaw the Ogre,,
1253708985,Secondary Attack,AB_Winter_Yeti_GrabIcicle_AbilityGroup,Other,CloseRange,,auto,,,Unreviewed,,Conditional,,,Terrorclaw the Ogre,,
-1571128781,Secondary Attack,AB_Winter_Yeti_ThrowIcicle_AbilityGroup,Other,Aimed,,auto,,,Unreviewed,,Conditional,,,Terrorclaw the Ogre,,
-1981491221,Shadow Bolt,AB_Noctem_Trader_Attack_AbilityGroup,Other,Aimed,,auto,,,Unreviewed,,Conditional,,,Vampire Merchant,,
436038744,Shadow Leap,AB_Horse_Vampire_Leap_Travel_AbilityGroup,Other,Movement,,auto,,,Unreviewed,,Conditional,,,,,
445289088,Shadow Leap,AB_Horse_Vampire_Leap_Travel_Gloomrot_AbilityGroup,Other,Movement,,auto,,,Unreviewed,,Conditional,,,,,
-20922272,Shadow Leap,AB_Horse_Vampire_Leap_Travel_PMK_AbilityGroup,Other,Movement,,auto,,,Unreviewed,,Conditional,,,,,
-880131926,Shadowbolt,AB_Blood_Shadowbolt_AbilityGroup,Blood|Offensive,Aimed,,auto,,,Unreviewed,,Conditional,,,,,
1873182450,Shapeshift Bear Dash,AB_Shapeshift_Bear_Dash_Group,Other,CloseRange,,auto,,,Unreviewed,,Conditional,,,,,
833416928,Shapeshift Wolf Leap Travel Blackfang,AB_Shapeshift_Wolf_Leap_Travel_Blackfang_AbilityGroup,,Movement,,auto,,,Unreviewed,,Conditional,,,,,
1335008684,Shockwave,AB_Vampire_Sword_Shockwave_Main_AbilityGroup,Other,Aimed,,auto,,,Unreviewed,,Conditional,,,,,
14947666,Shriek,AB_Cultist_FireBlast_AbilityGroup,Other,CloseRange,,auto,,,Unreviewed,,Conditional,,,Flame Fanatic,,
-1951127647,Shriek,AB_Cultist_ShapeShift_AbilityGroup,Other,CloseRange,,auto,,,Unreviewed,,Conditional,,,,,
429807295,Shriek,AB_Cursed_Witch_Hex_AbilityGroup,Other,CloseRange,,auto,,,Unreviewed,,Conditional,,,Witch,,
1860769470,Shriek,AB_Cursed_Witch_Hex_VBlood_AbilityGroup,Other,CloseRange,Channel,auto,,,Unreviewed,,Conditional,,,Matka the Curse Weaver,,
379001645,Shriek,AB_Undead_SkeletonMage_UnholyBlast_Group,Other,CloseRange,,auto,,,Unreviewed,,Conditional,,,Skeleton Mage,,
1601771862,Skeleton Crossbow Shared Crossbow,AB_SkeletonCrossbow_Shared_Crossbow_Group,Other,Aimed,Channel,auto,,,Unreviewed,,Conditional,,,Skeleton Crossbow,,
401195214,Slave Master Charge Attack,AB_SlaveMaster_ChargeAttack_AbilityGroup,Other,CloseRange,,auto,,,Unreviewed,,Conditional,,,Slave Master,,
80712753,Slave Master Ranged Attack,AB_SlaveMaster_RangedAttack_AbilityGroup,Other,Aimed,,auto,,,Unreviewed,,Conditional,,,Slave Master,,
1121958763,Smack,AB_Vampire_Mace_Smack_AbilityGroup,Other,CloseRange,,auto,,,Unreviewed,,Conditional,,,,,
477749225,Snapshot,AB_Vampire_Crossbow_Snapshot_Group,Other,Aimed,,auto,,,Unreviewed,,Conditional,,,,,
725170243,Sorceress AoE,AB_Sorceress_AoE_AbilityGroup,Other,CloseRange,,auto,,,Unreviewed,,Conditional,,,Harpy Sorceress,,
1075000607,Sorceress Projectile,AB_Sorceress_Projectile_AbilityGroup,Other,Aimed,,auto,,,Unreviewed,,Conditional,,,Harpy Sorceress,,
2138402840,Soulburn,AB_Unholy_Soulburn_AbilityGroup,Unholy|Offensive,Summon,,auto,,,Unreviewed,,Conditional,,,,,
1650878435,Spectral Guardian,AB_Illusion_SpectralGuardian_AbilityGroup,Illusion|Ultimate,Summon,,auto,,,Unreviewed,,Conditional,,,,,
-781549505,Spectral Leap,AB_Shapeshift_Wolf_Leap_Travel_AbilityGroup,Other,Movement,,auto,,,Unreviewed,,Conditional,,,,,
837193552,Spectral Leap,AB_Vampire_Dracula_WolfLeap_EnterTravel_AbilityGroup,Other,Movement,,auto,,,Unreviewed,,Conditional,,,Dracula the Immortal King,,
-2103202975,Spectral Leap,AB_Vampire_Dracula_WolfLeap_ExitTravel_AbilityGroup,Other,Movement,,auto,,,Unreviewed,,Conditional,,,Dracula the Immortal King,,
1660492999,Spectral Strike,AB_Bandit_Thieft_Dash_Elite_AbilityGroup,Other,CloseRange,Channel,auto,,,Unreviewed,,Conditional,,,,,
-290102537,Spectral Strike,AB_Dash_Demount_Roll_AbilityGroup,Other,Movement,,auto,,,Unreviewed,,Conditional,,,,,
-570933441,Spectral Strike,AB_Gloomrot_Monster_SideStepLeft_AbilityGroup,Other,Aimed,,auto,,,Unreviewed,,Conditional,,,Adam the Firstborn,,
1808542763,Spectral Strike,AB_Gloomrot_Monster_SideStepRight_AbilityGroup,Other,Aimed,,auto,,,Unreviewed,,Conditional,,,Adam the Firstborn,,
-1717533555,Spectral Strike,AB_Gloomrot_RailgunSergeant_WarpInit_AbilityGroup,Other,Aimed,,auto,,,Unreviewed,,Conditional,,,Voltatia the Power Master,,
-1401138411,Spectral Strike,AB_Legion_Assassin_TeleportInit_AbilityGroup,Other,Movement,,auto,,,Unreviewed,,Conditional,,,Exsanguinator,,
-53726244,Spectral Strike,AB_Legion_Assassin_TeleportLeft_AbilityGroup,Other,Movement,,auto,,,Unreviewed,,Conditional,,,Exsanguinator,,
-294731102,Spectral Strike,AB_Legion_Assassin_TeleportRight_AbilityGroup,Other,Movement,,auto,,,Unreviewed,,Conditional,,,Exsanguinator,,
701450949,Spectral Strike,AB_Legion_Gargoyle_Relocate_ForwardInit_AbilityGroup,Other,Aimed,,auto,,,Unreviewed,,Conditional,,,Beatrice the Tailor,,
951198708,Spectral Strike,AB_Legion_NightMaiden_EvadeGlideInit_AbilityGroup,Other,Aimed,,auto,,,Unreviewed,,Conditional,,,Night Maiden,,
86533405,Spectral Strike,AB_Legion_Vargulf_MaulSetup_Init_AbilityGroup,Other,Aimed,,auto,,,Unreviewed,,Conditional,,,Slaughterbeast,,
-284360089,Spectral Strike,AB_Lightweaver_TeleportInit_AbilityGroup,Other,Movement,,auto,,,Unreviewed,,Conditional,,,Lightweaver,,
1891756809,Spectral Strike,AB_Lightweaver_TeleportLeft_AbilityGroup,Other,Movement,,auto,,,Unreviewed,,Conditional,,,Lightweaver,,
-202704002,Spectral Strike,AB_Militia_LightArrow_Dash_AbilityGroup,Other,CloseRange,,auto,,,Unreviewed,,Conditional,,,Meredith the Bright Archer,,
1714996121,Spectral Strike,AB_Militia_LightArrow_Dash_Group,Other,CloseRange,,auto,,,Unreviewed,,Conditional,,,,,
2121218473,Spectral Strike,AB_Vampire_Dracula_BloodStones_Summon_AbilityGroup,Other,Summon,Channel,auto,,,Unreviewed,,Conditional,,,Dracula the Immortal King,,
207057426,Spectral Strike,AB_VHunter_CastleMan_JumpInit_AbilityGroup,Other,Aimed,,auto,,,Unreviewed,,Conditional,,,Simon Belmont the Vampire Hunter,,
1122774146,Spectral Strike,AB_VHunter_CastleMan_JumpRight_AbilityGroup,Other,Aimed,,auto,,,Unreviewed,,Conditional,,,Simon Belmont the Vampire Hunter,,
-821573025,Spectral Strike,AB_Wolf_Boss_Pounce_AbilityGroup,Other,Aimed,,auto,,,Unreviewed,,Conditional,,,Alpha the White Wolf,,
247896794,Spectral Wolf,AB_Illusion_SpectralWolf_AbilityGroup,Illusion|Offensive,Aimed,,auto,,,Unreviewed,,Conditional,,,,,
-1298478938,Spectral Wolf,AB_Spectral_SpellSlinger_Projectile_AbilityGroup,Other,Aimed,,auto,,,Unreviewed,,Conditional,,,Militia Guard,,
1713280509,Spider Forest Webbing,AB_Spider_Forest_Webbing_AbilityGroup,Other,CloseRange,,auto,,,Unreviewed,,Conditional,,,Forest Dweller,,
1573712465,Spider Queen AoE,AB_Spider_Queen_AoE_AbilityGroup,Other,CloseRange,Channel,auto,,,Unreviewed,,Conditional,,,Primal Blood Soul,,
-2109003637,Spider Queen PBAoE,AB_Spider_Queen_PBAoE_AbilityGroup,Other,CloseRange,Channel,auto,,,Unreviewed,,Conditional,,,Primal Blood Soul,,
-1448118517,Spider Queen Spawn Adds Gate Boss,AB_Spider_Queen_SpawnAdds_GateBoss_AbilityGroup,Other,Summon,,auto,,,Unreviewed,,Conditional,,,Primal Blood Soul,,
1499629710,Spider Queen Web Hook,AB_Spider_Queen_WebHook_AbilityGroup,Other,Aimed,,auto,,,Unreviewed,,Conditional,,,Primal Blood Soul,,
193592408,Spider Queen Web Projectile,AB_Spider_Queen_WebProjectile_AbilityGroup,Other,Aimed,,auto,,,Unreviewed,,Conditional,,,Primal Blood Soul,,
464665677,Spider Range Poison Projectile,AB_Spider_Range_PoisonProjectile_Group,Other,Aimed,,auto,,,Unreviewed,,Conditional,,,Weaver,,
1216522353,Stomp,AB_Shapeshift_Golem_T02_GroundSlam_Group,Other,CloseRange,Channel,auto,,,Unreviewed,,Conditional,,,,,
-1355723507,Storm Eye Of The Storm Recast,AB_Storm_EyeOfTheStorm_Recast_AbilityGroup,Other,CloseRange,,auto,,,Unreviewed,,Conditional,,,,,
965421878,Subdue Mount,AB_Subdue_AbilityGroup,Other,Aimed,,auto,,,Unreviewed,,Conditional,,,,,
1297311521,Summon Fallen Angel,AB_Unholy_SummonFallenAngel_AbilityGroup,Unholy|Ultimate,Summon,,auto,,,Unreviewed,,Conditional,,,,,
1637511208,Tailor Shapeshift,AB_Tailor_Shapeshift_AbilityGroup,,CloseRange,Channel,auto,,,Unreviewed,,Conditional,,,,,
1550864188,Teleport,AB_Interact_LocalCastleTeleport_Blue_AbilityGroup,Other,Movement,,auto,,,Unreviewed,,Conditional,,,,,
98022305,Teleport,AB_Interact_LocalCastleTeleport_Red_AbilityGroup,Other,Movement,,auto,,,Unreviewed,,Conditional,,,,,
1088859718,Teleport,AB_Interact_LocalCastleTeleport_Yellow_AbilityGroup,Other,Movement,,auto,,,Unreviewed,,Conditional,,,,,
-345652149,Tendon Swing,AB_Vampire_Reaper_TendonSwing_Twist_AbilityGroup,Other,CloseRange,,auto,,,Unreviewed,,Conditional,,,,,
-1428039996,Toad Leap,AB_Shapeshift_Toad_Leap_Travel_AbilityGroup,Other,Movement,,auto,,,Unreviewed,,Conditional,,,,,
-802865471,Treant Mantrap Corrupted Spit,AB_TreantMantrap_Corrupted_Spit_AbilityGroup,,Aimed,,auto,,,Unreviewed,,Conditional,,,,,
1734337277,Undead Arena Champion Awake Sequence,AB_Undead_ArenaChampion_AwakeSequence_AbilityGroup,,CloseRange,Channel,auto,,,Unreviewed,,Conditional,,,,,
-782050236,Undead Arena Champion Chains Of Death,AB_Undead_ArenaChampion_ChainsOfDeath_AbilityGroup,,CloseRange,,auto,,,Unreviewed,,Conditional,,,,,
-1810214745,Undead Arena Champion Charge,AB_Undead_ArenaChampion_Charge_AbilityGroup,,Aimed,,auto,,,Unreviewed,,Conditional,,,,,
-1175912131,Undead Arena Champion Disengage,AB_Undead_ArenaChampion_Disengage_AbilityGroup,,CloseRange,,auto,,,Unreviewed,,Conditional,,,,,
-1756717462,Undead Arena Champion Kick,AB_Undead_ArenaChampion_Kick_AbilityGroup,,CloseRange,,auto,,,Unreviewed,,Conditional,,,,,
2136656017,Undead Arena Champion Leap Strike,AB_Undead_ArenaChampion_LeapStrike_AbilityGroup,,Aimed,,auto,,,Unreviewed,,Conditional,,,,,
1322698651,Undead Arena Champion Twinblade Throw,AB_Undead_ArenaChampion_TwinbladeThrow_AbilityGroup,,CloseRange,,auto,,,Unreviewed,,Conditional,,,,,
-1966260928,Undead Banshee Morgana Dash Dash,AB_Undead_Banshee_MorganaDash_Dash_AbilityGroup,,Aimed,,auto,,,Unreviewed,,Conditional,,,,,
-1942495608,Undead Banshee Morgana Dash Strike,AB_Undead_Banshee_MorganaDash_Strike_AbilityGroup,,CloseRange,,auto,,,Unreviewed,,Conditional,,,,,
-930815588,Undead Banshee Projectile,AB_Undead_Banshee_Projectile_Group,Other,Aimed,,auto,,,Unreviewed,,Conditional,,,Banshee,,
-1272200774,Undead Bishop Of Death Corpse Explosion,AB_Undead_BishopOfDeath_CorpseExplosion_AbilityGroup,,CloseRange,,auto,,,Unreviewed,,Conditional,,,,,
622287046,Undead Bishop Of Death Corpse Party,AB_Undead_BishopOfDeath_CorpseParty_AbilityGroup,Other,CloseRange,,auto,,,Unreviewed,,Conditional,,,Lesser Blood Soul,,
780432315,Undead Bishop Of Death Projectile,AB_Undead_BishopOfDeath_Projectile_Group,Other,Aimed,,auto,,,Unreviewed,,Conditional,,,Lesser Blood Soul,,
787702249,Undead Bishop Of Shadows Projectile,AB_Undead_BishopOfShadows_Projectile_AbilityGroup,Other,Aimed,,auto,,,Unreviewed,,Conditional,,,Primal Blood Soul,,
461701172,Undead Bishop Of Shadows Shadow Soldier,AB_Undead_BishopOfShadows_ShadowSoldier_AbilityGroup,Other,Summon,,auto,,,Unreviewed,,Conditional,,,Primal Blood Soul,,
1166337981,Undead Cursed Smith Floating Spear Spear Thrust,AB_Undead_CursedSmith_FloatingSpear_SpearThrust_AbilityGroup,Other,Aimed,Channel,auto,,,Unreviewed,,Conditional,,,Ghost Assassin,,
-329078808,Undead Cursed Smith Multi Dash,AB_Undead_CursedSmith_MultiDash_AbilityGroup,Other,CloseRange,Channel,auto,,,Unreviewed,,Conditional,,,Cyril the Cursed Smith,,
340003308,Undead Cursed Smith Multi Dash Charge,AB_Undead_CursedSmith_MultiDash_Charge_AbilityGroup,Other,CloseRange,,auto,,,Unreviewed,,Conditional,,,Cyril the Cursed Smith,,
-943061757,Undead Cursed Smith Spear Thrust,AB_Undead_CursedSmith_SpearThrust_AbilityGroup,Other,Aimed,Channel,auto,,,Unreviewed,,Conditional,,,Cyril the Cursed Smith,,
-932485064,Undead Ghost Militia Crossbow,AB_Undead_GhostMilitia_Crossbow_Group,Other,Aimed,,auto,,,Unreviewed,,Conditional,,,Ghost Crossbowman,,
234226418,Undead Leader Chain Hook Projectile,AB_Undead_Leader_ChainHookProjectile_Group,Other,Aimed,Channel,auto,,,Unreviewed,,Conditional,,,Kriig il generale dei non morti,,
2021815703,Undead Necromancer Projectile,AB_Undead_Necromancer_Projectile_AbilityGroup,Other,Aimed,,auto,,,Unreviewed,,Conditional,,,Skeleton Bishop,,
1687310776,Undead Necromancer Raise Dead,AB_Undead_Necromancer_RaiseDead_AbilityGroup,Other,Summon,,auto,,,Unreviewed,,Conditional,,,Skeleton Bishop,,
14728131,Undead Priest Elite Projectile,AB_Undead_Priest_Elite_Projectile_Group,Other,Aimed,Channel,auto,,,Unreviewed,,Conditional,,,"Nicholaus, el Caído",,
1414167161,Undead Priest Elite Raise Horde,AB_Undead_Priest_Elite_RaiseHorde_AbilityGroup,Other,Summon,Channel,auto,,,Unreviewed,,Conditional,,,Nicholaus the Fallen,,
-1047491293,Undead Priest Projectile,AB_Undead_Priest_Projectile_Group,Other,Aimed,,auto,,,Unreviewed,,Conditional,,,Skeleton Priest,,
-1742500275,Undead Priest Raise Dead,AB_Undead_Priest_RaiseDead_AbilityGroup,Other,Summon,Channel,auto,,,Unreviewed,,Conditional,,,Skeleton Priest,,
-200440242,Undead Shadow Soldier Gate Boss Shadow Strike Dash,AB_Undead_ShadowSoldier_GateBoss_ShadowStrike_Dash_AbilityGroup,Other,Aimed,,auto,,,Unreviewed,,Conditional,,,,,
1478784055,Undead Shadow Soldier Shadow Strike Dash,AB_Undead_ShadowSoldier_ShadowStrike_Dash_AbilityGroup,Other,Aimed,,auto,,,Unreviewed,,Conditional,,,,,
822633768,Undead Skeleton Mage Projectile,AB_Undead_SkeletonMage_Projectile_Group,Other,Aimed,Channel,auto,,,Unreviewed,,Conditional,,,Skeleton Mage,,
-552245952,Undead Zealous Cultist Raise Dead,AB_Undead_ZealousCultist_RaiseDead_AbilityGroup,,Summon,Channel,auto,,,Unreviewed,,Conditional,,,,,
-1845982676,Unholy Chains Of Death,AB_Unholy_ChainsOfDeath_AbilityGroup,,Summon,,auto,,,Unreviewed,,Conditional,,,,,
-1643450845,Unholy Fallen Angel Dash,AB_Unholy_FallenAngel_Dash_AbilityGroup,Other,Summon,,auto,,,Unreviewed,,Conditional,,,Fallen Angel,,
1351498027,Unholy Unstable Arachnid Recast,AB_Unholy_UnstableArachnid_Recast_AbilityGroup,Other,Summon,,auto,,,Unreviewed,,Conditional,,,,,
401668748,Vampire Blood Knight Dash,AB_Vampire_BloodKnight_Dash_AbilityGroup,Other,CloseRange,,auto,,,Unreviewed,,Conditional,,,,,
-1920828971,Vampire Blood Knight Summon Crimson Maiden,AB_Vampire_BloodKnight_SummonCrimsonMaiden_AbilityGroup,Other,Summon,,auto,,,Unreviewed,,Conditional,,,General Valencia the Depraved,,
-2092012453,Vampire Claws Primary Mounted,AB_Vampire_Claws_Primary_Mounted_AbilityGroup,,CloseRange,,auto,,,Unreviewed,,Conditional,,,,,
-621324159,Vampire Claws Skewering Leap,AB_Vampire_Claws_SkeweringLeap_AbilityGroup,,Aimed,,auto,,,Unreviewed,,Conditional,,,,,
1957381608,Vampire Claws Skewering Leap Unholy,AB_Vampire_Claws_SkeweringLeap_Unholy_AbilityGroup,,Aimed,,auto,,,Unreviewed,,Conditional,,,,,
-496335760,Vampire Claws Vault Slash,AB_Vampire_Claws_VaultSlash_AbilityGroup,,CloseRange,,auto,,,Unreviewed,,Conditional,,,,,
-1217790595,Vampire Claws Vault Slash Unholy,AB_Vampire_Claws_VaultSlash_Unholy_AbilityGroup,,Summon,,auto,,,Unreviewed,,Conditional,,,,,
-999342671,Vampire Cliff Leap Travel,AB_VampireCliffLeap_Travel_AbilityGroup,Other,Movement,,auto,,,Unreviewed,,Conditional,,,,,
1398187000,Vampire Daggers Call Daggers,AB_Vampire_Daggers_CallDaggers_AbilityGroup,,CloseRange,,auto,,,Unreviewed,,Conditional,,,,,
1239800293,Vampire Daggers Primary,AB_Vampire_Daggers_Primary_AbilityGroup,,Summon,,auto,,,Unreviewed,,Conditional,,,,,
873699859,Vampire Daggers Primary Mounted,AB_Vampire_Daggers_Primary_Mounted_Group,,Aimed,,auto,,,Unreviewed,,Conditional,,,,,
-1765846328,Vampire Dracula Blood Shower,AB_Vampire_Dracula_BloodShower_AbilityGroup,Other,Aimed,,auto,,,Unreviewed,,Conditional,,,Dracula the Immortal King,,
-412600077,Vampire Dracula Dash Left,AB_Vampire_Dracula_Dash_Left_AbilityGroup,Other,CloseRange,,auto,,,Unreviewed,,Conditional,,,Dracula the Immortal King,,
411852610,Vampire Dracula Dash Right,AB_Vampire_Dracula_Dash_Right_AbilityGroup,Other,CloseRange,,auto,,,Unreviewed,,Conditional,,,Dracula the Immortal King,,
-7407393,Vampire Dracula Ring Of Blood,AB_Vampire_Dracula_RingOfBlood_AbilityGroup,Other,Aimed,Channel,auto,,,Unreviewed,,Conditional,,,"Дракула, Бессмертный Король",,
-618038480,Vampire Dracula Side Step Left,AB_Vampire_Dracula_SideStep_Left_AbilityGroup,Other,CloseRange,,auto,,,Unreviewed,,Conditional,,,Dracula the Immortal King,,
1915068828,Vampire Dracula Side Step Right,AB_Vampire_Dracula_SideStep_Right_AbilityGroup,Other,CloseRange,,auto,,,Unreviewed,,Conditional,,,Dracula the Immortal King,,
-1612983976,Vampire Dual Hammers Storm Mace,AB_Vampire_DualHammers_StormMace_AbilityGroup,,Aimed,,auto,,,Unreviewed,,Conditional,,,,,
859877682,Vampire Leap Attack Travel,AB_VampireLeapAttack_Travel_AbilityGroup,Other,Movement,,auto,,,Unreviewed,,Conditional,,,,,
-127510613,Vampire Leap Travel Recast,AB_VampireLeap_Travel_Recast_AbilityGroup,Other,Movement,,auto,,,Unreviewed,,Conditional,,,,,
986693563,Vampire Mount Athletic Dismount Travel,AB_VampireMountAthleticDismount_Travel_AbilityGroup,,Movement,,auto,,,Unreviewed,,Conditional,,,,,
131953285,Vampire Pollaxe Lunge,AB_Vampire_Pollaxe_Lunge_AbilityGroup,,CloseRange,,auto,,,Unreviewed,,Conditional,,,,,
-1209038175,Vampire Pollaxe Lunge Dash,AB_Vampire_Pollaxe_Lunge_Dash_AbilityGroup,,Movement,,auto,,,Unreviewed,,Conditional,,,,,
578807372,Vampire Pollaxe Sweep And Smash,AB_Vampire_Pollaxe_SweepAndSmash_AbilityGroup,,CloseRange,,auto,,,Unreviewed,,Conditional,,,,,
-768614933,Vampire Pollaxe Sweep And Smash Recast,AB_Vampire_Pollaxe_SweepAndSmash_Recast_AbilityGroup,,CloseRange,,auto,,,Unreviewed,,Conditional,,,,,
89236731,Vampire Twin Blades Javelin,AB_Vampire_TwinBlades_Javelin_AbilityGroup,,CloseRange,,auto,,,Unreviewed,,Conditional,,,,,
210529811,Vampire Twin Blades Javelin Recast,AB_Vampire_TwinBlades_Javelin_Recast_AbilityGroup,,CloseRange,,auto,,,Unreviewed,,Conditional,,,,,
1364381862,Vampire Twin Blades Primary Mounted,AB_Vampire_TwinBlades_Primary_Mounted_AbilityGroup,,CloseRange,,auto,,,Unreviewed,,Conditional,,,,,
1270706044,Veil of Blood,AB_Vampire_Dracula_VeilOfBats_AbilityGroup,Other,Movement,Channel,auto,,,Unreviewed,,Conditional,,,Dracula the Immortal King,,
305230608,Veil of Blood,AB_Vampire_VeilOfBlood_Group,Blood|Travel,CloseRange,,auto,,,Unreviewed,,Conditional,,,,,
-498302954,Veil of Bones,AB_Vampire_VeilOfBones_AbilityGroup,Unholy|Travel,Summon,,auto,,,Unreviewed,,Conditional,,,,,
711231628,Veil of Chaos,AB_Vampire_VeilOfChaos_Group,Chaos|Travel,Movement,,auto,,,Unreviewed,,Conditional,,,,,
1711943933,Veil of Chaos,AB_Vampire_VeilOfChaos_Recast_Group,Other,Movement,,auto,,,Unreviewed,,Conditional,,,,,
-354379679,Veil of Frost,AB_Vampire_IceRanger_VeilOfFrost_Group,Other,Movement,,auto,,,Unreviewed,,Conditional,,,General Elena the Hollow,,
1709284795,Veil of Frost,AB_Vampire_VeilOfFrost_Group,Frost|Travel,Movement,,auto,,,Unreviewed,,Conditional,,,,,
-935015750,Veil of Illusion,AB_Vampire_VeilOfIllusion_AbilityGroup,Illusion|Travel,Summon,,auto,,,Unreviewed,,Conditional,,,,,
1994950191,Veil of Illusion,AB_Vampire_VeilOfIllusion_Recast_AbilityGroup,Other,Summon,,auto,,,Unreviewed,,Conditional,,,,,
-433204738,Veil of Shadow,AB_Vampire_VeilOfShadow_Group,Shadow|Travel,Movement,,auto,,,Unreviewed,,Conditional,,,Deer,,
-84816111,Veil of Storm,AB_Vampire_VeilOfStorm_Group,Storm|Travel,CloseRange,,auto,,,Unreviewed,,Conditional,,,,,
830495620,Vermin Dire Rat Rat Vanguard,AB_Vermin_DireRat_RatVanguard_AbilityGroup,Other,Summon,Channel,auto,,,Unreviewed,,Conditional,,,Nibbles the Putrid Rat,,
-1068854418,VHunter Castle Man Chase Target Buff,AB_VHunter_CastleMan_ChaseTargetBuff_AbilityGroup,Other,CloseRange,,auto,,,Unreviewed,,Conditional,,,Simon Belmont the Vampire Hunter,,
-64218175,VHunter Castle Man Knockback Whip,AB_VHunter_CastleMan_KnockbackWhip_AbilityGroup,Other,CloseRange,Channel,auto,,,Unreviewed,,Conditional,,,Simon Belmont the Vampire Hunter,,
504586218,VHunter Castle Man Knockback Whip Fire,AB_VHunter_CastleMan_KnockbackWhip_Fire_AbilityGroup,Other,CloseRange,Channel,auto,,,Unreviewed,,Conditional,,,Simon Belmont the Vampire Hunter,,
109607953,VHunter Castle Man Whip AoEChange Phase,AB_VHunter_CastleMan_WhipAoEChangePhase_AbilityGroup,Other,CloseRange,Channel,auto,,,Unreviewed,,Conditional,,,Simon Belmont the Vampire Hunter,,
-1294182358,VHunter Jade Caltrops,AB_VHunter_Jade_Caltrops_Group,Other,Aimed,,auto,,,Unreviewed,,Conditional,,,Jade the Vampire Hunter,,
-526118698,VHunter Jade Disabling Shot,AB_VHunter_Jade_DisablingShot_Group,Other,Aimed,,auto,,,Unreviewed,,Conditional,,,Jade the Vampire Hunter,,
-1884688827,VHunter Jade Snipe,AB_VHunter_Jade_Snipe_Group,Other,Aimed,Channel,auto,,,Unreviewed,,Conditional,,,Jade the Vampire Hunter,,
-737556373,VHunter Leader Crossbow,AB_VHunter_Leader_Crossbow_Group,Other,Aimed,Channel,auto,,,Unreviewed,,Conditional,,,Tristan the Vampire Hunter,,
1501188283,VHunter Leader Leap Thrust,AB_VHunter_Leader_LeapThrust_Group,Other,Movement,,auto,,,Unreviewed,,Conditional,,,Tristan the Vampire Hunter,,
-175257190,VHunter Leader Roll,AB_VHunter_Leader_Roll_Group,Other,CloseRange,,auto,,,Unreviewed,,Conditional,,,Tristan the Vampire Hunter,,
-358319417,Void,AB_Chaos_Void_AbilityGroup,Chaos|Offensive,CloseRange,,auto,,,Unreviewed,,Conditional,,,,,
-859352730,Volatile Arachnid,AB_Unholy_UnstableArachnid_AbilityGroup,Unholy|Ultimate,Summon,,auto,,,Unreviewed,,Conditional,,,,,
-1548349308,Voltage Electric Rod,AB_Voltage_ElectricRod_AbilityGroup,Other,CloseRange,Channel,auto,,,Unreviewed,,Conditional,,,Domina the Blade Dancer,,
-177268000,Voltage Electric Sprint,AB_Voltage_ElectricSprint_AbilityGroup,Other,CloseRange,,auto,,,Unreviewed,,Conditional,,,Domina the Blade Dancer,,
2016544872,Voltage Leap Attack,AB_Voltage_LeapAttack_AbilityGroup,Other,Movement,,auto,,,Unreviewed,,Conditional,,,Domina the Blade Dancer,,
318813926,Ward of the Damned,AB_Unholy_WardOfTheDamned_Recast_AbilityGroup,Other,Summon,,auto,,,Unreviewed,,Conditional,,,,,
495259674,Wendigo Ice Beam First,AB_Wendigo_IceBeam_First_AbilityGroup,Other,CloseRange,,auto,,,Unreviewed,,Conditional,,,Frostmaw the Mountain Terror,,
1390611238,Wendigo Ice Beam Second,AB_Wendigo_IceBeam_Second_AbilityGroup,Other,CloseRange,,auto,,,Unreviewed,,Conditional,,,산맥의 공포 서리 아귀,,
-1986179833,Wendigo Leap Attack,AB_Wendigo_LeapAttack_AbilityGroup,Other,Movement,,auto,,,Unreviewed,,Conditional,,,Frostmaw the Mountain Terror,,
1445822330,Werewolf Chieftain Knockdown,AB_WerewolfChieftain_Knockdown_AbilityGroup,Other,Aimed,,auto,,,Reviewed,reaction,Conditional,,,Willfred the Village Elder,yes,B1 audit: reaction (counter/knockdown) — may be a real CC; evaluate in-game
-566065717,Werewolf Chieftain Shadow Dash,AB_WerewolfChieftain_ShadowDash_AbilityGroup,Other,CloseRange,,auto,,,Unreviewed,,Conditional,,,Willfred the Village Elder,,
2096535189,Werewolf Chieftain Shadow Dash Clone,AB_WerewolfChieftain_ShadowDash_Clone_AbilityGroup,Other,CloseRange,,auto,,,Unreviewed,,Conditional,,,,,
1063690361,Werewolf Dash,AB_Werewolf_Dash_AbilityGroup,Other,CloseRange,,auto,,,Unreviewed,,Conditional,,,Villager,,
851287157,Whirlwind,AB_HighLord_PullPlayers_AbilityGroup,Other,CloseRange,,auto,,,Unreviewed,,Conditional,,,General Cassius the Betrayer,,
-689229573,Winter Wolf Howl,AB_WinterWolf_Howl_AbilityGroup,Other,CloseRange,,auto,,,Unreviewed,,Conditional,,,,,
-1745021468,Wisp Dance,AB_Illusion_WispDance_AbilityGroup,Illusion|Ultimate,CloseRange,,auto,,,Unreviewed,,Conditional,,,,,
920051497,Wolf Boss Dash Attack Single,AB_Wolf_Boss_DashAttack_Single_AbilityGroup,Other,CloseRange,Channel,auto,,,Unreviewed,,Conditional,,,Alpha the White Wolf,,
247740796,Wolf Boss Howl,AB_Wolf_Boss_Howl_AbilityGroup,Other,Summon,,auto,,,Unreviewed,,Conditional,,,Alpha the White Wolf,,
-1317017789,Wolf Cursed Dash Attack,AB_Wolf_Cursed_DashAttack_AbilityGroup,Other,CloseRange,,auto,,,Unreviewed,,Conditional,,,Cursed Wolf,,
1910899893,Wolf Cursed Howl,AB_Wolf_Cursed_Howl_AbilityGroup,,CloseRange,,auto,,,Unreviewed,,Conditional,,,,,
2000340068,Wolf Mutant Dash Attack,AB_Wolf_Mutant_DashAttack_AbilityGroup,Other,CloseRange,,auto,,,Unreviewed,,Conditional,,,Mutated Wolf,,
-744145902,Wolf Shared Dash Attack,AB_Wolf_Shared_DashAttack_AbilityGroup,Other,CloseRange,,auto,,,Unreviewed,,Conditional,,,Bandit Wolf,,
-83187650,Wolf Winter Dash Attack,AB_Wolf_Winter_DashAttack_AbilityGroup,Other,CloseRange,,auto,,,Unreviewed,,Conditional,,,Frost Wolf,,
-1789897775,Worm Terror Acid Puke,AB_WormTerror_AcidPuke_AbilityGroup,Other,CloseRange,,auto,,,Unreviewed,,Conditional,,,Worm Terror,,
-242769430,Wraith Spear,AB_Illusion_WraithSpear_AbilityGroup,Illusion|Offensive,Aimed,,auto,,,Unreviewed,,Conditional,,,,,
1835500377,X-Strike,AB_Undead_CursedSmith_FloatingAxes_XStrikeXStrike_Toss_AbilityGroup,Other,Aimed,,auto,,,Unreviewed,,Conditional,,,Ghost Assassin,,
-898001858,X-Strike,AB_Vampire_Axe_XStrike_Toss_AbilityGroup,Other,Aimed,,auto,,,Unreviewed,,Conditional,,,,,
-326374250,Вампирское проклятье,AB_Blood_VampiricCurse_AbilityGroup,Blood|Offensive,Aimed,,auto,,,Unreviewed,,Conditional,,,,,
-107743040,Подчинение людей,AB_Charm_AbilityGroup,Other,Aimed,,auto,,,Unreviewed,,Conditional,,,,,
886063983,Спектральный удар,AB_ArchMage_Teleport_AbilityGroup,Other,Movement,,auto,,,Unreviewed,,Conditional,,,Мэйрвин Повелительница Стихий,,
1113171592,プライマリー攻撃,AB_WerewolfChieftain_Feed_AbilityGroup,Other,CloseRange,,auto,,,Reviewed,feed,Conditional,,,村の長老ウィルフレッド,yes,B1 audit: feed lifecycle ability — likely non-functional for a player; verify then Hide/Block
-309871879,主要攻擊,AB_Iva_JetEscape_AbilityGroup,Other,CloseRange,,auto,,,Unreviewed,,Conditional,,,工程師齊瓦,,
1625958933,主要攻擊,AB_Manticore_TurnSwipeRight_AbilityGroup,Other,CloseRange,,auto,,,Unreviewed,,Conditional,,,恐怖翼獸塔爾祖爾,,
-190598145,普通攻击,AB_Bear_SpiritAreaAttack_Group,Other,CloseRange,Channel,auto,,,Unreviewed,,Conditional,,,熊,,
1079488801,普通攻击,AB_Geomancer_EnragedSmash_AbilityGroup,Other,Aimed,,auto,,,Unreviewed,,Conditional,,,地卜师泰拉,,
-2138455533,粉碎,AB_Bear_Shapeshift_AreaAttack_Group,Other,CloseRange,Channel,auto,,,Unreviewed,,Conditional,,,,,
-1199198217,기본 공격,AB_Vermin_DireRat_Gnaw_AbilityGroup,Other,CloseRange,,auto,,,Unreviewed,,Conditional,,,썩은 쥐 니버스,,
-1568811754,Arctic Leap,AB_Winter_Yeti_AntarcticLeap_Hard_AbilityGroup,Other,Aimed,,auto,,,Reviewed,variant_hard,Junk,,,Terrorclaw the Ogre,yes,B1 audit: brutal _Hard_ difficulty variant of a base ability — evaluate unique attributes vs the base
-1601666166,Atak podstawowy,AB_Wolf_Cursed_MeleeAttack_Group,Other,CloseRange,,auto,,,Reviewed,basic_attack,Junk,,,Przeklęty wilk,yes,B1 audit: generic primary/melee auto-attack — evaluate whether worth collecting
-217583794,Attacco primario,AB_Bear_Dire_MeleeAttack_AbilityGroup_Hasted,Other,,,,,,Reviewed,basic_attack,Junk,,,Kodia l'orsa feroce,yes,B1 audit: generic primary/melee auto-attack — evaluate whether worth collecting
-1181691042,Bandit Deadeye Chaos Nuke Hard,AB_Bandit_Deadeye_ChaosNuke_Hard_Group,Other,Aimed,,auto,,,Reviewed,variant_hard,Junk,,,Lidia the Chaos Archer,yes,B1 audit: brutal _Hard_ difficulty variant of a base ability — evaluate unique attributes vs the base
642767950,Bandit Deadeye Chaosbarrage Hard,AB_Bandit_Deadeye_Chaosbarrage_Hard_Group,Other,Aimed,Channel,auto,,,Reviewed,variant_hard,Junk,,,Lidia the Chaos Archer,yes,B1 audit: brutal _Hard_ difficulty variant of a base ability — evaluate unique attributes vs the base
-836774616,Bandit Deadeye Chaosstorm Hard,AB_Bandit_Deadeye_Chaosstorm_Hard_Group,Other,Aimed,,auto,,,Reviewed,variant_hard,Junk,,,Lidia the Chaos Archer,yes,B1 audit: brutal _Hard_ difficulty variant of a base ability — evaluate unique attributes vs the base
514628041,Bandit Fisherman Feed Serpent Lineup Hard,AB_Bandit_Fisherman_FeedSerpentLineup_Hard_AbilityGroup,Other,SelfCast,,auto,,,Reviewed,variant_hard,Junk,,,Finn the Fisherman,yes,B1 audit: brutal _Hard_ difficulty variant of a base ability — evaluate unique attributes vs the base
-405467076,Bandit Fisherman Serpent Feed Hard,AB_Bandit_Fisherman_SerpentFeed_Hard_AbilityGroup,Other,CloseRange,Channel,auto,,,Reviewed,variant_hard,Junk,,,Finn the Fisherman,yes,B1 audit: brutal _Hard_ difficulty variant of a base ability — evaluate unique attributes vs the base
46962343,Bandit Foreman Crossbow Hard,AB_Bandit_Foreman_Crossbow_Hard_AbilityGroup,Other,Aimed,,auto,,,Reviewed,variant_hard,Junk,,,Lesser Blood Soul,yes,B1 audit: brutal _Hard_ difficulty variant of a base ability — evaluate unique attributes vs the base
-1432555386,Bandit Foreman Crossbow Hard Blood Rage,AB_Bandit_Foreman_Crossbow_Hard_BloodRage_AbilityGroup,Other,Aimed,,auto,,,Reviewed,variant_hard,Junk,,,弱い血魂,yes,B1 audit: brutal _Hard_ difficulty variant of a base ability — evaluate unique attributes vs the base
-1696612225,Bandit Foreman Rapid Shot Hard,AB_Bandit_Foreman_RapidShot_Hard_AbilityGroup,Other,Aimed,,auto,,,Reviewed,variant_hard,Junk,,,Lesser Blood Soul,yes,B1 audit: brutal _Hard_ difficulty variant of a base ability — evaluate unique attributes vs the base
-328617085,Bandit Frost Arrow Rain Of Arrows Hard,AB_Bandit_FrostArrow_RainOfArrows_Hard_AbilityGroup,Other,,,,,,Reviewed,variant_hard,Junk,,,Keely the Frost Archer,yes,B1 audit: brutal _Hard_ difficulty variant of a base ability — evaluate unique attributes vs the base
-1871956083,Bandit Frostt Arrow Multi Shot Hard,AB_Bandit_FrosttArrow_MultiShot_Hard_Group,Other,Aimed,Channel,auto,,,Reviewed,variant_hard,Junk,,,Keely the Frost Archer,yes,B1 audit: brutal _Hard_ difficulty variant of a base ability — evaluate unique attributes vs the base
616797239,Bandit Mugger Block,AB_Bandit_Mugger_Block_AbilityGroup,,,,,,,Reviewed,reaction,Junk,,,,yes,B1 audit: reaction (counter/knockdown) — may be a real CC; evaluate in-game
-1865487078,Bandit Stalker VBlood Projectile Hard,AB_Bandit_Stalker_VBlood_Projectile_Hard_Group,Other,,,,,,Reviewed,variant_hard,Junk,,,Grayson the Armourer,yes,B1 audit: brutal _Hard_ difficulty variant of a base ability — evaluate unique attributes vs the base
358187796,Bandit Tourok Weapon Throw Hard,AB_Bandit_Tourok_WeaponThrow_Hard_AbilityGroup,Other,Aimed,,auto,,,Reviewed,variant_hard,Junk,,,Quincey the Bandit King,yes,B1 audit: brutal _Hard_ difficulty variant of a base ability — evaluate unique attributes vs the base
1340319300,Bandit Worker Shared Flee,AB_Bandit_Worker_Shared_Flee_AbilityGroup,Other,,,,,,Reviewed,idle_flee,Junk,,,Miner,yes,B1 audit: AI idle/flee behaviour — likely non-functional for a player; verify then Hide/Block
139802405,Blackfang Livith Melee Attack,AB_Blackfang_Livith_MeleeAttack_AbilityGroup,,CloseRange,Combo,auto,,,Reviewed,basic_attack,Junk,,,,yes,B1 audit: generic primary/melee auto-attack — evaluate whether worth collecting
2134120100,Blackfang Morgana Melee Attack,AB_Blackfang_Morgana_MeleeAttack_AbilityGroup,,CloseRange,Channel,auto,,,Reviewed,basic_attack,Junk,,,,yes,B1 audit: generic primary/melee auto-attack — evaluate whether worth collecting
-459395643,Blackfang Peon Mining Melee Attack,AB_Blackfang_Peon_Mining_MeleeAttack_AbilityGroup,,CloseRange,Channel,auto,,,Reviewed,basic_attack,Junk,,,,yes,B1 audit: generic primary/melee auto-attack — evaluate whether worth collecting
651647554,Blackfang Peon Wood Chopping Melee Attack,AB_Blackfang_Peon_WoodChopping_MeleeAttack_AbilityGroup,,CloseRange,,auto,,,Reviewed,basic_attack,Junk,,,,yes,B1 audit: generic primary/melee auto-attack — evaluate whether worth collecting
68363809,Blackfang Valyr Phase Dual Melee Attack,AB_Blackfang_Valyr_PhaseDual_MeleeAttack_AbilityGroup,,CloseRange,Combo,auto,,,Reviewed,basic_attack,Junk,,,,yes,B1 audit: generic primary/melee auto-attack — evaluate whether worth collecting
1633132226,Blackfang Valyr Phase Single Melee Attack,AB_Blackfang_Valyr_PhaseSingle_MeleeAttack_AbilityGroup,,CloseRange,Combo,auto,,,Reviewed,basic_attack,Junk,,,,yes,B1 audit: generic primary/melee auto-attack — evaluate whether worth collecting
-1568783706,Camouflage,AB_Bandit_Foreman_RapidShot_Init_Hard_AbilityGroup,Other,,,,,,Reviewed,variant_hard,Junk,,,Lesser Blood Soul,yes,B1 audit: brutal _Hard_ difficulty variant of a base ability — evaluate unique attributes vs the base
583436571,Castle Man Holy Beam Hard,AB_CastleMan_HolyBeam_Hard_AbilityGroup,Other,Aimed,Channel,auto,,,Reviewed,variant_hard,Junk,,,Simon Belmont the Vampire Hunter,yes,B1 audit: brutal _Hard_ difficulty variant of a base ability — evaluate unique attributes vs the base
116066962,Church Of Light Cardinal Aide Block,AB_ChurchOfLight_CardinalAide_Block_AbilityGroup,,SelfCast,,auto,,,Reviewed,reaction,Junk,,,,yes,B1 audit: reaction (counter/knockdown) — may be a real CC; evaluate in-game
100549683,Church Of Light Cleric Block,AB_ChurchOfLight_Cleric_Block_AbilityGroup,,SelfCast,,auto,,,Reviewed,reaction,Junk,,,,yes,B1 audit: reaction (counter/knockdown) — may be a real CC; evaluate in-game
-1637210619,Church Of Light Enchanted Cross Beam Hard,AB_ChurchOfLight_EnchantedCross_Beam_Hard_AbilityGroup,Other,CloseRange,,auto,,,Reviewed,variant_hard,Junk,,,,yes,B1 audit: brutal _Hard_ difficulty variant of a base ability — evaluate unique attributes vs the base
1541929232,Church Of Light Overseer Hard Snow Lob,AB_ChurchOfLight_Overseer_Hard_SnowLob_AbilityGroup,Other,CloseRange,,auto,,,Reviewed,variant_hard,Junk,,,Sir Magnus the Overseer,yes,B1 audit: brutal _Hard_ difficulty variant of a base ability — evaluate unique attributes vs the base
-1172099204,Church Of Light Paladin Hard Dash,AB_ChurchOfLight_Paladin_Hard_Dash_AbilityGroup,Other,Aimed,,auto,,,Reviewed,variant_hard,Junk,,,Solarus the Immaculate,yes,B1 audit: brutal _Hard_ difficulty variant of a base ability — evaluate unique attributes vs the base
699013677,Church Of Light Paladin Holy Flack Cannon Hard,AB_ChurchOfLight_Paladin_HolyFlackCannon_Hard_AbilityGroup,Other,,,,,,Reviewed,variant_hard,Junk,,,Solarus l'immacolato,yes,B1 audit: brutal _Hard_ difficulty variant of a base ability — evaluate unique attributes vs the base
317399990,Cyclone,AB_Militia_Glassblower_Cyclone_Hard_AbilityGroup,Other,,,,,,Reviewed,variant_hard,Junk,,,Grethel the Glassblower,yes,B1 audit: brutal _Hard_ difficulty variant of a base ability — evaluate unique attributes vs the base
-1880729304,Demote to Member,AB_Bandit_Shared_Idle_Group_Pushups,Other,,,,,,Reviewed,idle_flee,Junk,,,Poacher,yes,B1 audit: AI idle/flee behaviour — likely non-functional for a player; verify then Hide/Block
-976938930,Demote to Member,AB_Bandit_Shared_Idle_Group_Situps,Other,,,,,,Reviewed,idle_flee,Junk,,,Poacher,yes,B1 audit: AI idle/flee behaviour — likely non-functional for a player; verify then Hide/Block
-937443015,Demote to Member,AB_Bandit_Shared_Idle_Group_Tinker,Other,,,,,,Reviewed,idle_flee,Junk,,,Poacher,yes,B1 audit: AI idle/flee behaviour — likely non-functional for a player; verify then Hide/Block
1067834426,Demote to Member,AB_Bandit_Shared_Idle_Group_Whittling,Other,,,,,,Reviewed,idle_flee,Junk,,,Poacher,yes,B1 audit: AI idle/flee behaviour — likely non-functional for a player; verify then Hide/Block
1214148146,Devoted Block,AB_Devoted_Block_AbilityGroup,,,,,,,Reviewed,reaction,Junk,,,,yes,B1 audit: reaction (counter/knockdown) — may be a real CC; evaluate in-game
1903010945,Emery Elemental Melee Attack,AB_EmeryElemental_MeleeAttack_AbilityGroup,,CloseRange,,auto,,,Reviewed,basic_attack,Junk,,,,yes,B1 audit: generic primary/melee auto-attack — evaluate whether worth collecting
-705534828,Emery Golem Melee Attack,AB_EmeryGolem_MeleeAttack_AbilityGroup,,CloseRange,Combo,auto,,,Reviewed,basic_attack,Junk,,,,yes,B1 audit: generic primary/melee auto-attack — evaluate whether worth collecting
-1347356700,Feed,AB_FeedBoss_03_Complete_AbilityGroup,Other,,,,,,Reviewed,feed,Junk,,,,yes,B1 audit: feed lifecycle ability — likely non-functional for a player; verify then Hide/Block
-1560986745,Feed,AB_FeedBoss_FeedOnDracula_03_Complete_AbilityGroup,Other,,,,,,Reviewed,feed,Junk,,,,yes,B1 audit: feed lifecycle ability — likely non-functional for a player; verify then Hide/Block
1551140710,Gargoyle Fly End Tailor Hard,AB_Gargoyle_FlyEnd_Tailor_Hard_AbilityGroup,Other,,,,,,Reviewed,variant_hard,Junk,,,Beatrice the Tailor,yes,B1 audit: brutal _Hard_ difficulty variant of a base ability — evaluate unique attributes vs the base
1379672205,Gloomrot The Professor Many Beams Hard,AB_Gloomrot_TheProfessor_ManyBeams_Hard_Group,Other,,,,,,Reviewed,variant_hard,Junk,,,Henry Blackbrew the Doctor,yes,B1 audit: brutal _Hard_ difficulty variant of a base ability — evaluate unique attributes vs the base
922412053,Gloomrot The Professor Multi Lazer Hard,AB_Gloomrot_TheProfessor_MultiLazer_Hard_AbilityGroup,Other,Aimed,Channel,auto,,,Reviewed,variant_hard,Junk,,,Henry Blackbrew the Doctor,yes,B1 audit: brutal _Hard_ difficulty variant of a base ability — evaluate unique attributes vs the base
1770841962,Gold Golem Melee Attack,AB_GoldGolem_MeleeAttack_AbilityGroup,,CloseRange,,auto,,,Reviewed,basic_attack,Junk,,,,yes,B1 audit: generic primary/melee auto-attack — evaluate whether worth collecting
-948311829,Hold to Extract Blood,AB_FeedBoss_01_Initiate_AbilityGroup,Other,CloseRange,,auto,,,Reviewed,feed,Junk,,,,yes,B1 audit: feed lifecycle ability — likely non-functional for a player; verify then Hide/Block
-1794315213,Legion Guardian Block,AB_Legion_Guardian_Block_AbilityGroup,,,,,,,Reviewed,reaction,Junk,,,,yes,B1 audit: reaction (counter/knockdown) — may be a real CC; evaluate in-game
998806487,Man Trap Corrupted Melee Attack,AB_ManTrap_Corrupted_MeleeAttack_AbilityGroup,,CloseRange,,auto,,,Reviewed,basic_attack,Junk,,,,yes,B1 audit: generic primary/melee auto-attack — evaluate whether worth collecting
475860611,Manticore Dash Hard,AB_Manticore_Dash_Hard_AbilityGroup,Other,Aimed,Channel,auto,,,Reviewed,variant_hard,Junk,,,Talzur the Winged Horror,yes,B1 audit: brutal _Hard_ difficulty variant of a base ability — evaluate unique attributes vs the base
-267258900,Mantrap Sapling Corrupted Melee Attack,AB_MantrapSapling_Corrupted_MeleeAttack_AbilityGroup,,CloseRange,,auto,,,Reviewed,basic_attack,Junk,,,,yes,B1 audit: generic primary/melee auto-attack — evaluate whether worth collecting
-88118341,Militia Bishop Of Dunley Projectile Hard,AB_Militia_BishopOfDunley_Projectile_Hard_Group,Other,,,,,,Reviewed,variant_hard,Junk,,,Raziel the Shepherd,yes,B1 audit: brutal _Hard_ difficulty variant of a base ability — evaluate unique attributes vs the base
-1174644772,Militia Glassblower Deep Breath Hard,AB_Militia_Glassblower_DeepBreath_Hard_AbilityGroup,Other,CloseRange,Channel,auto,,,Reviewed,variant_hard,Junk,,,Grethel the Glassblower,yes,B1 audit: brutal _Hard_ difficulty variant of a base ability — evaluate unique attributes vs the base
-348862907,Militia Glassblower Emote Idle,AB_Militia_Glassblower_Emote_Idle_AbilityGroup,Other,,,,,,Reviewed,emote,Junk,,,"Grethel, a Sopradora de Vidro",yes,B1 audit: emote — evaluate in-game for player usability (players want more emotes); keep if functional
-485166585,Militia Guard Block,AB_Militia_Guard_Block_AbilityGroup,,,,,,,Reviewed,reaction,Junk,,,,yes,B1 audit: reaction (counter/knockdown) — may be a real CC; evaluate in-game
-2003945269,Militia Leader Leap Attack Hard,AB_Militia_Leader_LeapAttack_Hard_AbilityGroup,Other,Aimed,,auto,,,Reviewed,variant_hard,Junk,,,Octavian the Militia Captain,yes,B1 audit: brutal _Hard_ difficulty variant of a base ability — evaluate unique attributes vs the base
1181965808,Militia Light Arrow Hard Guided Arrow,AB_Militia_LightArrow_Hard_GuidedArrow_AbilityGroup,Other,Aimed,Channel,auto,,,Reviewed,variant_hard,Junk,,,Meredith the Bright Archer,yes,B1 audit: brutal _Hard_ difficulty variant of a base ability — evaluate unique attributes vs the base
-595482115,Poloma Hard Projectile,AB_Poloma_Hard_Projectile_Group,Other,,,,,,Reviewed,variant_hard,Junk,,,Lesser Blood Soul,yes,B1 audit: brutal _Hard_ difficulty variant of a base ability — evaluate unique attributes vs the base
1281316565,Primary Attack,AB_Bandit_Mugger_MeleeAttack_Group,Other,CloseRange,Combo,auto,,,Reviewed,basic_attack,Junk,,,Mugger,yes,B1 audit: generic primary/melee auto-attack — evaluate whether worth collecting
-1969189808,Primary Attack,AB_Bandit_Stalker_MeleeAttack_Group,Other,CloseRange,,auto,,,Reviewed,basic_attack,Junk,,,Stalker,yes,B1 audit: generic primary/melee auto-attack — evaluate whether worth collecting
-66951019,Primary Attack,AB_Bandit_Stalker_VBlood_MeleeAttack_Group,Other,CloseRange,Channel,auto,,,Reviewed,basic_attack,Junk,,,Grayson the Armourer,yes,B1 audit: generic primary/melee auto-attack — evaluate whether worth collecting
1688748795,Primary Attack,AB_Bandit_StoneBreaker_MountainRumbler_Hard_AbilityGroup,Other,CloseRange,Channel,auto,,,Reviewed,variant_hard,Junk,,,Errol the Stonebreaker,yes,B1 audit: brutal _Hard_ difficulty variant of a base ability — evaluate unique attributes vs the base
2078583785,Primary Attack,AB_Bandit_StoneBreaker_RockSmash_Hard_AbilityGroup,Other,Aimed,,auto,,,Reviewed,variant_hard,Junk,,,Errol the Stonebreaker,yes,B1 audit: brutal _Hard_ difficulty variant of a base ability — evaluate unique attributes vs the base
1684865572,Primary Attack,AB_Bandit_StoneBreaker_SwingAttack_Hard_AbilityGroup,Other,CloseRange,,auto,,,Reviewed,variant_hard,Junk,,,Errol the Stonebreaker,yes,B1 audit: brutal _Hard_ difficulty variant of a base ability — evaluate unique attributes vs the base
-1970983747,Primary Attack,AB_Bandit_Thug_MeleeAttack_Group,Other,CloseRange,Combo,auto,,,Reviewed,basic_attack,Junk,,,Rascal,yes,B1 audit: generic primary/melee auto-attack — evaluate whether worth collecting
-1826323796,Primary Attack,AB_Bandit_Worker_Gatherer_MeleeAttack_AbilityGroup,Other,CloseRange,Combo,auto,,,Reviewed,basic_attack,Junk,,,Gatherer,yes,B1 audit: generic primary/melee auto-attack — evaluate whether worth collecting
2039677643,Primary Attack,AB_Bandit_Worker_Shared_MeleeAttack_AbilityGroup,Other,CloseRange,Combo,auto,,,Reviewed,basic_attack,Junk,,,Miner,yes,B1 audit: generic primary/melee auto-attack — evaluate whether worth collecting
-1965562520,Primary Attack,AB_BatVampire_MeleeAttack_AbilityGroup,Other,CloseRange,Combo,auto,,,Reviewed,basic_attack,Junk,,,Lord Styx the Night Champion,yes,B1 audit: generic primary/melee auto-attack — evaluate whether worth collecting
1745337333,Primary Attack,AB_Bear_MeleeAttack_Group,Other,CloseRange,,auto,,,Reviewed,basic_attack,Junk,,,Cursed Bear,yes,B1 audit: generic primary/melee auto-attack — evaluate whether worth collecting
-1041059859,Primary Attack,AB_Bear_MeleeAttack_Large_Group,Other,CloseRange,,auto,,,Reviewed,basic_attack,Junk,,,Arctic Bear,yes,B1 audit: generic primary/melee auto-attack — evaluate whether worth collecting
-77977745,Primary Attack,AB_Bear_Mutant_MeleeAttack_Group,Other,CloseRange,,auto,,,Reviewed,basic_attack,Junk,,,Mutated Bear,yes,B1 audit: generic primary/melee auto-attack — evaluate whether worth collecting
-1272535312,Primary Attack,AB_CastleMan_FlameWhip_Hard_AbilityGroup,Other,CloseRange,Combo,auto,,,Reviewed,variant_hard,Junk,,,Simon Belmont the Vampire Hunter,yes,B1 audit: brutal _Hard_ difficulty variant of a base ability — evaluate unique attributes vs the base
626219559,Primary Attack,AB_CastleMan_Whip_Hard_AbilityGroup,Other,CloseRange,Combo,auto,,,Reviewed,variant_hard,Junk,,,Simon Belmont the Vampire Hunter,yes,B1 audit: brutal _Hard_ difficulty variant of a base ability — evaluate unique attributes vs the base
2013132333,Primary Attack,AB_ChurchOfLight_Miner_MeleeAttack_Group01,Other,,,,,,Unreviewed,,Junk,,,Miner,,
1451199905,Primary Attack,AB_Cursed_Mosquito_MeleeAttack_AbilityGroup,Other,CloseRange,,auto,,,Reviewed,basic_attack,Junk,,,Mosquito,yes,B1 audit: generic primary/melee auto-attack — evaluate whether worth collecting
2025233638,Primary Attack,AB_Cursed_Witch_MeleeAttack_AbilityGroup,Other,,,,,,Reviewed,basic_attack,Junk,,,Witch,yes,B1 audit: generic primary/melee auto-attack — evaluate whether worth collecting
-127603789,Primary Attack,AB_CursedWanderer_MeleeAttack_Group,Other,CloseRange,,auto,,,Reviewed,basic_attack,Junk,,,Primal Blood Soul,yes,B1 audit: generic primary/melee auto-attack — evaluate whether worth collecting
-1362226779,Primary Attack,AB_Dreadhorn_MeleeAttack_AbilityGroup,Other,CloseRange,Combo,auto,,,Reviewed,basic_attack,Junk,,,Dreadhorn,yes,B1 audit: generic primary/melee auto-attack — evaluate whether worth collecting
1850515789,Primary Attack,AB_Farmlands_Farmer_MeleeAttack_Group,Other,CloseRange,,auto,,,Reviewed,basic_attack,Junk,,,Farmer,yes,B1 audit: generic primary/melee auto-attack — evaluate whether worth collecting
1500843923,Primary Attack,AB_Geomancer_MeleeAttack_Group,Other,CloseRange,Channel,auto,,,Reviewed,basic_attack,Junk,,,Terah the Geomancer,yes,B1 audit: generic primary/melee auto-attack — evaluate whether worth collecting
1311267272,Primary Attack,AB_Gloomrot_Batoon_MeleeAttack_AbilityGroup,Other,CloseRange,Combo,auto,,,Reviewed,basic_attack,Junk,,,Batoon,yes,B1 audit: generic primary/melee auto-attack — evaluate whether worth collecting
1971068020,Primary Attack,AB_Gloomrot_SentryOfficer_MeleeAttack_AbilityGroup,Other,CloseRange,Combo,auto,,,Reviewed,basic_attack,Junk,,,Sentry Officer,yes,B1 audit: generic primary/melee auto-attack — evaluate whether worth collecting
-749335766,Primary Attack,AB_Gloomrot_Technician_MeleeAttack_AbilityGroup,Other,CloseRange,Combo,auto,,,Reviewed,basic_attack,Junk,,,Labworker,yes,B1 audit: generic primary/melee auto-attack — evaluate whether worth collecting
-607666302,Primary Attack,AB_Gloomrot_TractorBeamer_MeleeAttack_AbilityGroup,Other,CloseRange,,auto,,,Reviewed,basic_attack,Junk,,,Tractor Beamer,yes,B1 audit: generic primary/melee auto-attack — evaluate whether worth collecting
-328302080,Primary Attack,AB_HighLord_SwordPrimary_MeleeAttack_AbilityGroup,Other,CloseRange,Combo,auto,,,Reviewed,basic_attack,Junk,,,General Cassius the Betrayer,yes,B1 audit: generic primary/melee auto-attack — evaluate whether worth collecting
-2060534730,Primary Attack,AB_IronGolem_MeleeAttack_AbilityGroup,Other,CloseRange,Combo,auto,,,Reviewed,basic_attack,Junk,,,Blood Golem,yes,B1 audit: generic primary/melee auto-attack — evaluate whether worth collecting
-1900214847,Primary Attack,AB_Knight_Shield_MeleeAttack_Group,Other,CloseRange,Combo,auto,,,Reviewed,basic_attack,Junk,,,Knight,yes,B1 audit: generic primary/melee auto-attack — evaluate whether worth collecting
1617928948,Primary Attack,AB_Legion_Shadowkin_MeleeAttack_AbilityGroup,Other,CloseRange,,auto,,,Reviewed,basic_attack,Junk,,,Shadowkin,yes,B1 audit: generic primary/melee auto-attack — evaluate whether worth collecting
105274396,Primary Attack,AB_ManTrap_Dull_MeleeAttack_Group,Other,CloseRange,Channel,auto,,,Reviewed,basic_attack,Junk,,,Mantrap,yes,B1 audit: generic primary/melee auto-attack — evaluate whether worth collecting
1238529741,Primary Attack,AB_ManTrap_MeleeAttack_Group,Other,CloseRange,Channel,auto,,,Reviewed,basic_attack,Junk,,,Mantrap,yes,B1 audit: generic primary/melee auto-attack — evaluate whether worth collecting
-893194478,Primary Attack,AB_Militia_ConstrainingPole_MeleeAttack_AbilityGroup,Other,CloseRange,,auto,,,Reviewed,basic_attack,Junk,,,Militia Constraining Pole,yes,B1 audit: generic primary/melee auto-attack — evaluate whether worth collecting
931534835,Primary Attack,AB_Militia_Guard_MeleeAttack_Group,Other,CloseRange,Combo,auto,,,Reviewed,basic_attack,Junk,,,Militia Guard,yes,B1 audit: generic primary/melee auto-attack — evaluate whether worth collecting
-1634136571,Primary Attack,AB_Militia_Guard_VBlood_IceBoltsThrow_Hard_Group,Other,,,,,,Reviewed,variant_hard,Junk,,,Vincent the Frostbringer,yes,B1 audit: brutal _Hard_ difficulty variant of a base ability — evaluate unique attributes vs the base
-841402173,Primary Attack,AB_Militia_Guard_VBlood_MeleeAttack_AbilityGroup,Other,CloseRange,Combo,auto,,,Reviewed,basic_attack,Junk,,,Vincent the Frostbringer,yes,B1 audit: generic primary/melee auto-attack — evaluate whether worth collecting
-1528770669,Primary Attack,AB_Militia_Heavy_MeleeAttack_Group,Other,CloseRange,,auto,,,Reviewed,basic_attack,Junk,,,Militia Veteran,yes,B1 audit: generic primary/melee auto-attack — evaluate whether worth collecting
994921501,Primary Attack,AB_Militia_Light_MeleeAttack_Group,Other,CloseRange,Combo,auto,,,Reviewed,basic_attack,Junk,,,Militia Guard,yes,B1 audit: generic primary/melee auto-attack — evaluate whether worth collecting
976341724,Primary Attack,AB_Militia_MeleeHorizontal_Hard_AbilityGroup,Other,CloseRange,,auto,,,Reviewed,variant_hard,Junk,,,Octavian the Militia Captain,yes,B1 audit: brutal _Hard_ difficulty variant of a base ability — evaluate unique attributes vs the base
-746972983,Primary Attack,AB_Militia_MeleeStraight_Hard_AbilityGroup,Other,Aimed,,auto,,,Reviewed,variant_hard,Junk,,,Octavian the Militia Captain,yes,B1 audit: brutal _Hard_ difficulty variant of a base ability — evaluate unique attributes vs the base
-2107123661,Primary Attack,AB_Militia_Miner_MeleeAttack_Group01,Other,,,,,,Unreviewed,,Junk,,,Miner,,
471046053,Primary Attack,AB_Militia_Torchbearer_MeleeAttack_Group,Other,CloseRange,Combo,auto,,,Reviewed,basic_attack,Junk,,,Militia Torchbearer,yes,B1 audit: generic primary/melee auto-attack — evaluate whether worth collecting
1853611622,Primary Attack,AB_Monster_MeleeAttack_AbilityGroup,Other,CloseRange,Combo,auto,,,Reviewed,basic_attack,Junk,,,Adam the Firstborn,yes,B1 audit: generic primary/melee auto-attack — evaluate whether worth collecting
-736079997,Primary Attack,AB_Mutant_FleshGolem_MeleeAttack_AbilityGroup,Other,CloseRange,Channel,auto,,,Reviewed,basic_attack,Junk,,,Flesh Golem,yes,B1 audit: generic primary/melee auto-attack — evaluate whether worth collecting
175670852,Primary Attack,AB_NightMaiden_MeleeAttack_AbilityGroup,Other,CloseRange,,auto,,,Reviewed,basic_attack,Junk,,,Night Maiden,yes,B1 audit: generic primary/melee auto-attack — evaluate whether worth collecting
22263894,Primary Attack,AB_Nun_MeleeAttack_Group,Other,CloseRange,,auto,,,Reviewed,basic_attack,Junk,,,Nun,yes,B1 audit: generic primary/melee auto-attack — evaluate whether worth collecting
607644390,Primary Attack,AB_Nun_Vblood_MeleeAttack_AbilityGroup,Other,CloseRange,,auto,,,Reviewed,basic_attack,Junk,,,Christina the Sun Priestess,yes,B1 audit: generic primary/melee auto-attack — evaluate whether worth collecting
-105601189,Primary Attack,AB_Paladin_DivineAngel_MeleeAttack_AbilityGroup,Other,CloseRange,Combo|Channel,auto,,,Reviewed,basic_attack,Junk,,,Divine Angel,yes,B1 audit: generic primary/melee auto-attack — evaluate whether worth collecting
-8655403,Primary Attack,AB_Paladin_FallenAngel_MeleeAttack_AbilityGroup,Other,CloseRange,Combo|Channel,auto,,,Reviewed,basic_attack,Junk,,,Fallen Angel,yes,B1 audit: generic primary/melee auto-attack — evaluate whether worth collecting
1212343160,Primary Attack,AB_Paladin_MeleeAttack_AbilityGroup,Other,CloseRange,,auto,,,Reviewed,basic_attack,Junk,,,Paladin,yes,B1 audit: generic primary/melee auto-attack — evaluate whether worth collecting
936625846,Primary Attack,AB_Purifier_MeleeAttack_AbilityGroup,Other,CloseRange,,auto,,,Reviewed,basic_attack,Junk,,,Primal Blood Soul,yes,B1 audit: generic primary/melee auto-attack — evaluate whether worth collecting
-825962514,Primary Attack,AB_Purifier_MeleeAttack_Left_AbilityGroup,Other,CloseRange,,auto,,,Reviewed,basic_attack,Junk,,,Primal Blood Soul,yes,B1 audit: generic primary/melee auto-attack — evaluate whether worth collecting
1343651850,Primary Attack,AB_Purifier_MeleeAttack_Right_AbilityGroup,Other,CloseRange,,auto,,,Reviewed,basic_attack,Junk,,,Primal Blood Soul,yes,B1 audit: generic primary/melee auto-attack — evaluate whether worth collecting
-560639220,Primary Attack,AB_RockElemental_MeleeAttack_AbilityGroup,Other,CloseRange,,auto,,,Reviewed,basic_attack,Junk,,,Rock Elemental,yes,B1 audit: generic primary/melee auto-attack — evaluate whether worth collecting
-1436929556,Primary Attack,AB_Scarecrow_MeleeAttack_Group,Other,CloseRange,Combo,auto,,,Reviewed,basic_attack,Junk,,,Scarecrow,yes,B1 audit: generic primary/melee auto-attack — evaluate whether worth collecting
1115346958,Primary Attack,AB_SeaSerpent_MeleeAttack_AbilityGroup,Other,CloseRange,Channel,auto,,,Reviewed,basic_attack,Junk,,,Young Sea Serpent,yes,B1 audit: generic primary/melee auto-attack — evaluate whether worth collecting
-938355432,Primary Attack,AB_SeaSerpent_MeleeAttack_Hard_AbilityGroup,Other,CloseRange,Channel,auto,,,Reviewed,basic_attack,Junk,,,Young Sea Serpent,yes,B1 audit: generic primary/melee auto-attack — evaluate whether worth collecting
-1470096516,Primary Attack,AB_SeaSerpent_MeleeAttack_Hard_Combo01_AbilityGroup,Other,CloseRange,Channel,auto,,,Reviewed,basic_attack,Junk,,,Young Sea Serpent,yes,B1 audit: generic primary/melee auto-attack — evaluate whether worth collecting
163224625,Primary Attack,AB_SeaSerpent_MeleeAttack_Hard_Combo02_AbilityGroup,Other,CloseRange,Channel,auto,,,Reviewed,basic_attack,Junk,,,Young Sea Serpent,yes,B1 audit: generic primary/melee auto-attack — evaluate whether worth collecting
1772194590,Primary Attack,AB_SkeletonSoldier_Minion_MeleeAttack_Group,Other,CloseRange,Combo,auto,,,Reviewed,basic_attack,Junk,,,Skeleton,yes,B1 audit: generic primary/melee auto-attack — evaluate whether worth collecting
1130939687,Primary Attack,AB_Spectral_Guardian_MeleeAttack_AbilityGroup,Other,CloseRange,,auto,,,Reviewed,basic_attack,Junk,,,Spectral Guardian,yes,B1 audit: generic primary/melee auto-attack — evaluate whether worth collecting
1841930998,Primary Attack,AB_Spider_Forest_MeleeAttack_AbilityGroup,Other,CloseRange,,auto,,,Reviewed,basic_attack,Junk,,,Forest Dweller,yes,B1 audit: generic primary/melee auto-attack — evaluate whether worth collecting
1820645555,Primary Attack,AB_Spider_Melee_MeleeAttack_Group,Other,CloseRange,,auto,,,Reviewed,basic_attack,Junk,,,Spider Melee Gate Boss Summon,yes,B1 audit: generic primary/melee auto-attack — evaluate whether worth collecting
1274762079,Primary Attack,AB_Spider_Queen_MeleeAttack_AbilityGroup,Other,CloseRange,,auto,,,Reviewed,basic_attack,Junk,,,Primal Blood Soul,yes,B1 audit: generic primary/melee auto-attack — evaluate whether worth collecting
1272395899,Primary Attack,AB_StoneGolem_MeleeAttack_AbilityGroup,Other,CloseRange,,auto,,,Reviewed,basic_attack,Junk,,,Stone Golem,yes,B1 audit: generic primary/melee auto-attack — evaluate whether worth collecting
-843384411,Primary Attack,AB_SUMMON_Wolf_Shared_MeleeAttack_Group,Other,CloseRange,,auto,,,Reviewed,basic_attack,Junk,,,,yes,B1 audit: generic primary/melee auto-attack — evaluate whether worth collecting
1110054537,Primary Attack,AB_Trader_Farbane_Stalker_MeleeAttack_Group,Other,CloseRange,,auto,,,Reviewed,basic_attack,Junk,,,Shady Gem Dealer,yes,B1 audit: generic primary/melee auto-attack — evaluate whether worth collecting
1671419025,Primary Attack,AB_Treant_MeleeAttack_Group,Other,CloseRange,Channel,auto,,,Reviewed,basic_attack,Junk,,,Blood Treant,yes,B1 audit: generic primary/melee auto-attack — evaluate whether worth collecting
558343424,Primary Attack,AB_Undead_CursedSmith_FloatingMace_MeleeAttack_AbilityGroup,Other,CloseRange,Combo,auto,,,Reviewed,basic_attack,Junk,,,Ghost Assassin,yes,B1 audit: generic primary/melee auto-attack — evaluate whether worth collecting
-544864084,Primary Attack,AB_Undead_CursedSmith_FloatingSlashers_MeleeAttack_AbilityGroup,Other,CloseRange,Channel,auto,,,Reviewed,basic_attack,Junk,,,Ghost Assassin,yes,B1 audit: generic primary/melee auto-attack — evaluate whether worth collecting
793860757,Primary Attack,AB_Undead_CursedSmith_FloatingSpear_MeleeAttack_AbilityGroup,Other,CloseRange,Combo,auto,,,Reviewed,basic_attack,Junk,,,Ghost Assassin,yes,B1 audit: generic primary/melee auto-attack — evaluate whether worth collecting
1323999965,Primary Attack,AB_Undead_CursedSmith_FloatingSword_MeleeAttack_AbilityGroup,Other,CloseRange,Combo,auto,,,Reviewed,basic_attack,Junk,,,Ghost Assassin,yes,B1 audit: generic primary/melee auto-attack — evaluate whether worth collecting
1700777111,Primary Attack,AB_Undead_CursedSmith_MeleeAttack_AbilityGroup,Other,CloseRange,Combo,auto,,,Reviewed,basic_attack,Junk,,,Ghost Assassin,yes,B1 audit: generic primary/melee auto-attack — evaluate whether worth collecting
-1967657578,Primary Attack,AB_Undead_GhostMilitia_Light_MeleeAttack_Group,Other,CloseRange,Combo,auto,,,Reviewed,basic_attack,Junk,,,Ghost Warrior,yes,B1 audit: generic primary/melee auto-attack — evaluate whether worth collecting
1382585346,Primary Attack,AB_Undead_Ghoul_MeleeAttack_Group,Other,CloseRange,Combo|Channel,auto,,,Reviewed,basic_attack,Junk,,,Undying Ghoul,yes,B1 audit: generic primary/melee auto-attack — evaluate whether worth collecting
32629003,Primary Attack,AB_Undead_RottingGhoul_MeleeAttack_Group,Other,CloseRange,Channel,auto,,,Reviewed,basic_attack,Junk,,,Rotting Ghoul,yes,B1 audit: generic primary/melee auto-attack — evaluate whether worth collecting
-1104043123,Primary Attack,AB_Undead_SkeletonGolem_MeleeAttack_AbilityGroup,Other,CloseRange,Channel,auto,,,Reviewed,basic_attack,Junk,,,Corpse Pile,yes,B1 audit: generic primary/melee auto-attack — evaluate whether worth collecting
-1629569043,Primary Attack,AB_Unholy_FallenAngel_MeleeAttack_AbilityGroup,Other,Summon,Combo|Channel,auto,,,Unreviewed,,Junk,,,Fallen Angel,,
537620937,Primary Attack,AB_Unholy_SkeletonWarrior_MeleeAttack_Group,Other,CloseRange,Combo,auto,,,Reviewed,basic_attack,Junk,,,Armoured Skeleton,yes,B1 audit: generic primary/melee auto-attack — evaluate whether worth collecting
1691491221,Primary Attack,AB_Vampire_Axe_Primary_MeleeAttack_AbilityGroup,Other,CloseRange,Combo,auto,,,Reviewed,basic_attack,Junk,,,,yes,B1 audit: generic primary/melee auto-attack — evaluate whether worth collecting
-839386508,Primary Attack,AB_Vampire_Cultist_MeleeAttack_AbilityGroup,Other,CloseRange,Combo,auto,,,Reviewed,basic_attack,Junk,,,Vampire Cultist,yes,B1 audit: generic primary/melee auto-attack — evaluate whether worth collecting
784360484,Primary Attack,AB_Vampire_Reaper_Primary_MeleeAttack_AbilityGroup,Other,CloseRange,Combo,auto,,,Reviewed,basic_attack,Junk,,,,yes,B1 audit: generic primary/melee auto-attack — evaluate whether worth collecting
1470213751,Primary Attack,AB_Vampire_Slashers_Primary_MeleeAttack_AbilityGroup,Other,CloseRange,Combo,auto,,,Reviewed,basic_attack,Junk,,,,yes,B1 audit: generic primary/melee auto-attack — evaluate whether worth collecting
-2097352908,Primary Attack,AB_Vampire_Sword_Primary_MeleeAttack_AbilityGroup,Other,CloseRange,Combo,auto,,,Reviewed,basic_attack,Junk,,,,yes,B1 audit: generic primary/melee auto-attack — evaluate whether worth collecting
-1772111618,Primary Attack,AB_Vampire_Unarmed_Primary_MeleeAttack_AbilityGroup,Other,CloseRange,Combo,auto,,,Reviewed,basic_attack,Junk,,,Deer,yes,B1 audit: generic primary/melee auto-attack — evaluate whether worth collecting
-1007898441,Primary Attack,AB_Vermin_Rat_MeleeAttack_AbilityGroup,Other,CloseRange,,auto,,,Reviewed,basic_attack,Junk,,,Giant Rat,yes,B1 audit: generic primary/melee auto-attack — evaluate whether worth collecting
-1417141477,Primary Attack,AB_VHunter_Leader_MeleeHorizontal_Hard_Group,Other,CloseRange,,auto,,,Reviewed,variant_hard,Junk,,,Tristan the Vampire Hunter,yes,B1 audit: brutal _Hard_ difficulty variant of a base ability — evaluate unique attributes vs the base
1397338806,Primary Attack,AB_Villager_Female_MeleeAttack_Group,Other,CloseRange,,auto,,,Reviewed,basic_attack,Junk,,,Villager,yes,B1 audit: generic primary/melee auto-attack — evaluate whether worth collecting
-1617717290,Primary Attack,AB_Villager_Male_MeleeAttack_Group,Other,CloseRange,,auto,,,Reviewed,basic_attack,Junk,,,Villager,yes,B1 audit: generic primary/melee auto-attack — evaluate whether worth collecting
929369353,Primary Attack,AB_Wendigo_IceDash_Strike_Hard_AbilityGroup,Other,CloseRange,,auto,,,Reviewed,variant_hard,Junk,,,Frostmaw the Mountain Terror,yes,B1 audit: brutal _Hard_ difficulty variant of a base ability — evaluate unique attributes vs the base
-2029387940,Primary Attack,AB_Wendigo_IceDash_Travel_Hard_AbilityGroup,Other,Movement,,auto,,,Reviewed,variant_hard,Junk,,,Frostmaw the Mountain Terror,yes,B1 audit: brutal _Hard_ difficulty variant of a base ability — evaluate unique attributes vs the base
1568904735,Primary Attack,AB_Wendigo_MeleeAttack_AbilityGroup,Other,CloseRange,Combo,auto,,,Reviewed,basic_attack,Junk,,,Frostmaw the Mountain Terror,yes,B1 audit: generic primary/melee auto-attack — evaluate whether worth collecting
-831562637,Primary Attack,AB_Werewolf_MeleeAttack_Group,Other,CloseRange,Combo,auto,,,Reviewed,basic_attack,Junk,,,Villager,yes,B1 audit: generic primary/melee auto-attack — evaluate whether worth collecting
1916767891,Primary Attack,AB_WerewolfChieftain_Human_MeleeAttack_Group,Other,CloseRange,Combo|Channel,auto,,,Reviewed,basic_attack,Junk,,,Willfred the Village Elder,yes,B1 audit: generic primary/melee auto-attack — evaluate whether worth collecting
-988264305,Primary Attack,AB_WerewolfChieftain_MeleeAttack_AbilityGroup,Other,CloseRange,Combo,auto,,,Reviewed,basic_attack,Junk,,,Willfred the Village Elder,yes,B1 audit: generic primary/melee auto-attack — evaluate whether worth collecting
149010586,Primary Attack,AB_WerewolfChieftain_MultiBiteBuff_Hard_AbilityGroup,Other,,,,,,Reviewed,variant_hard,Junk,,,Willfred the Village Elder,yes,B1 audit: brutal _Hard_ difficulty variant of a base ability — evaluate unique attributes vs the base
1387986806,Primary Attack,AB_Winter_Yeti_Avalanche_Hard_AbilityGroup_01,Other,,,,,,Reviewed,variant_hard,Junk,,,Terrorclaw the Ogre,yes,B1 audit: brutal _Hard_ difficulty variant of a base ability — evaluate unique attributes vs the base
-1839296163,Primary Attack,AB_Winter_Yeti_Avalanche_Hard_AbilityGroup_02,Other,,,,,,Reviewed,variant_hard,Junk,,,Terrorclaw the Ogre,yes,B1 audit: brutal _Hard_ difficulty variant of a base ability — evaluate unique attributes vs the base
-1869011274,Primary Attack,AB_Wolf_Mutant_MeleeAttack_Group,Other,CloseRange,Combo,auto,,,Reviewed,basic_attack,Junk,,,Mutated Wolf,yes,B1 audit: generic primary/melee auto-attack — evaluate whether worth collecting
556902791,Primary Attack,AB_Wolf_Shared_MeleeAttack_Group,Other,CloseRange,,auto,,,Reviewed,basic_attack,Junk,,,Wolf,yes,B1 audit: generic primary/melee auto-attack — evaluate whether worth collecting
-1267641072,Primary Attack,AB_Wolf_Winter_MeleeAttack_Group,Other,CloseRange,Combo,auto,,,Reviewed,basic_attack,Junk,,,Frost Wolf,yes,B1 audit: generic primary/melee auto-attack — evaluate whether worth collecting
845410366,Primary Attack,AB_Woodcutter_MeleeAttack_Group01,Other,,,,,,Unreviewed,,Junk,,,Woodcutter,,
1105185654,Primary Attack,AB_WormTerror_MeleeAttack_AbilityGroup,Other,CloseRange,Channel,auto,,,Reviewed,basic_attack,Junk,,,Worm Terror,yes,B1 audit: generic primary/melee auto-attack — evaluate whether worth collecting
722599012,Primärangriff,AB_Vampire_Mace_Primary_MeleeAttack_AbilityGroup,Other,CloseRange,Combo,auto,,,Reviewed,basic_attack,Junk,,,,yes,B1 audit: generic primary/melee auto-attack — evaluate whether worth collecting
-609538743,Secondary Attack,AB_Bandit_Stalker_VBlood_SpinAttack_Hard_Group,Other,,,,,,Reviewed,variant_hard,Junk,,,Grayson the Armourer,yes,B1 audit: brutal _Hard_ difficulty variant of a base ability — evaluate unique attributes vs the base
-1126887871,Secondary Attack,AB_Winter_Yeti_GrabIcicle_Hard_AbilityGroup,Other,CloseRange,,auto,,,Reviewed,variant_hard,Junk,,,Terrorclaw the Ogre,yes,B1 audit: brutal _Hard_ difficulty variant of a base ability — evaluate unique attributes vs the base
817680188,Shadow Meld,AB_Bandit_Thief_Counter_AbilityGroup,Other,SelfCast,,auto,,,Reviewed,reaction,Junk,,,,yes,B1 audit: reaction (counter/knockdown) — may be a real CC; evaluate in-game
-1725804558,Shadow Meld,AB_Nun_Counter_AbilityGroup,Other,,,,,,Reviewed,reaction,Junk,,,Christina the Sun Priestess,yes,B1 audit: reaction (counter/knockdown) — may be a real CC; evaluate in-game
741783094,Shadow Meld,AB_Scarecrow_Counter_AbilityGroup,Other,SelfCast,,auto,,,Reviewed,reaction,Junk,,,Scarecrow,yes,B1 audit: reaction (counter/knockdown) — may be a real CC; evaluate in-game
-1259884575,Smash,AB_Shapeshift_Bear_MeleeAttack_Group,Other,CloseRange,Combo,auto,,,Reviewed,basic_attack,Junk,,,,yes,B1 audit: generic primary/melee auto-attack — evaluate whether worth collecting
-27840697,Swing,AB_Shapesfhit_Golem_T02_MeleeAttack_Group,Other,CloseRange,,auto,,,Reviewed,basic_attack,Junk,,,,yes,B1 audit: generic primary/melee auto-attack — evaluate whether worth collecting
1574404388,Tirs multiples,AB_Militia_LightArrow_MultiShot_Hard_AbilityGroup,Other,,,,,,Reviewed,variant_hard,Junk,,,Meredith l’archère illuminée,yes,B1 audit: brutal _Hard_ difficulty variant of a base ability — evaluate unique attributes vs the base
680554094,Treant Corrupted Melee Attack,AB_Treant_Corrupted_MeleeAttack_AbilityGroup,,CloseRange,Channel,auto,,,Reviewed,basic_attack,Junk,,,,yes,B1 audit: generic primary/melee auto-attack — evaluate whether worth collecting
-323939446,Undead Bishop Of Death Chain Bolt Hard,AB_Undead_BishopOfDeath_ChainBolt_Hard_AbilityGroup,Other,Aimed,,auto,,,Reviewed,variant_hard,Junk,,,Lesser Blood Soul,yes,B1 audit: brutal _Hard_ difficulty variant of a base ability — evaluate unique attributes vs the base
1971375367,Undead Bishop Of Death Corpse Explosion Hard,AB_Undead_BishopOfDeath_CorpseExplosion_Hard_AbilityGroup,,CloseRange,,auto,,,Reviewed,variant_hard,Junk,,,,yes,B1 audit: brutal _Hard_ difficulty variant of a base ability — evaluate unique attributes vs the base
-184530068,Undead Bishop Of Death Corpse Party Hard,AB_Undead_BishopOfDeath_CorpseParty_Hard_AbilityGroup,Other,CloseRange,,auto,,,Reviewed,variant_hard,Junk,,,Lesser Blood Soul,yes,B1 audit: brutal _Hard_ difficulty variant of a base ability — evaluate unique attributes vs the base
651637774,Undead Bishop Of Shadows Projectile Hard,AB_Undead_BishopOfShadows_Projectile_Hard_AbilityGroup,Other,Aimed,,auto,,,Reviewed,variant_hard,Junk,,,Primal Blood Soul,yes,B1 audit: brutal _Hard_ difficulty variant of a base ability — evaluate unique attributes vs the base
948504723,Undead Ghost Guardian Block,AB_Undead_GhostGuardian_Block_AbilityGroup,,,,,,,Reviewed,reaction,Junk,,,,yes,B1 audit: reaction (counter/knockdown) — may be a real CC; evaluate in-game
-313746247,Undead Guardian Block,AB_Undead_Guardian_Block_AbilityGroup,,,,,,,Reviewed,reaction,Junk,,,,yes,B1 audit: reaction (counter/knockdown) — may be a real CC; evaluate in-game
-39228843,Undead Infiltrator Knife Throw Hard,AB_Undead_Infiltrator_KnifeThrow_Hard_AbilityGroup,Other,Aimed,Combo,auto,,,Reviewed,variant_hard,Junk,,,Primal Blood Soul,yes,B1 audit: brutal _Hard_ difficulty variant of a base ability — evaluate unique attributes vs the base
1338374909,Undead Priest Elite Idle,AB_Undead_Priest_Elite_Idle_AbilityGroup,Other,,,,,,Reviewed,idle_flee,Junk,,,Nicholaus the Fallen,yes,B1 audit: AI idle/flee behaviour — likely non-functional for a player; verify then Hide/Block
1837385563,Undead Priest Elite Projectile Hard,AB_Undead_Priest_Elite_Projectile_Hard_Group,Other,Aimed,,auto,,,Reviewed,variant_hard,Junk,,,Nicholaus the Fallen,yes,B1 audit: brutal _Hard_ difficulty variant of a base ability — evaluate unique attributes vs the base
1619461812,Undead Priest Elite Projectile Nova Hard,AB_Undead_Priest_Elite_ProjectileNova_Hard_AbilityGroup,Other,,,,,,Reviewed,variant_hard,Junk,,,Nicholaus the Fallen,yes,B1 audit: brutal _Hard_ difficulty variant of a base ability — evaluate unique attributes vs the base
1180130515,Vampire Claws Primary Melee Attack,AB_Vampire_Claws_Primary_MeleeAttack_AbilityGroup,,CloseRange,Combo,auto,,,Reviewed,basic_attack,Junk,,,,yes,B1 audit: generic primary/melee auto-attack — evaluate whether worth collecting
2094399595,Vampire Claws Primary Melee Attack Unholy,AB_Vampire_Claws_Primary_MeleeAttack_Unholy_AbilityGroup,,Summon,Combo,auto,,,Unreviewed,,Junk,,,,,
367876187,Vampire Dual Hammers Primary Melee Attack,AB_Vampire_DualHammers_Primary_MeleeAttack_AbilityGroup,,CloseRange,Combo,auto,,,Reviewed,basic_attack,Junk,,,,yes,B1 audit: generic primary/melee auto-attack — evaluate whether worth collecting
298784800,Vampire Twin Blades Primary Melee Attack,AB_Vampire_TwinBlades_Primary_MeleeAttack_AbilityGroup,,CloseRange,Combo,auto,,,Reviewed,basic_attack,Junk,,,,yes,B1 audit: generic primary/melee auto-attack — evaluate whether worth collecting
1372353064,VHunter Jade Caltrops Hard,AB_VHunter_Jade_Caltrops_Hard_Group,Other,Aimed,,auto,,,Reviewed,variant_hard,Junk,,,Jade the Vampire Hunter,yes,B1 audit: brutal _Hard_ difficulty variant of a base ability — evaluate unique attributes vs the base
-1030552412,VHunter Jade Snipe Hard,AB_VHunter_Jade_Snipe_Hard_Group,Other,Aimed,,auto,,,Reviewed,variant_hard,Junk,,,Jade the Vampire Hunter,yes,B1 audit: brutal _Hard_ difficulty variant of a base ability — evaluate unique attributes vs the base
-1853889696,Voltage Leap Attack Hard,AB_Voltage_LeapAttack_Hard_AbilityGroup,Other,Aimed,,auto,,,Reviewed,variant_hard,Junk,,,Domina the Blade Dancer,yes,B1 audit: brutal _Hard_ difficulty variant of a base ability — evaluate unique attributes vs the base
2145136774,Wolf Boss Maul Hard,AB_Wolf_Boss_Maul_Hard_AbilityGroup,Other,CloseRange,,auto,,,Reviewed,variant_hard,Junk,,,Alpha the White Wolf,yes,B1 audit: brutal _Hard_ difficulty variant of a base ability — evaluate unique attributes vs the base
1814567660,Основная атака,AB_Bear_Dire_MeleeAttack_AbilityGroup,Other,CloseRange,,auto,,,Reviewed,basic_attack,Junk,,,Свирепая медведица Кодиа,yes,B1 audit: generic primary/melee auto-attack — evaluate whether worth collecting
1129782597,กลิ้งถัง,AB_Sommelier_HorizontalBarrel_Hard_AbilityGroup,Other,,,,,,Reviewed,variant_hard,Junk,,,บารอน ดู บูชอง ซอมเมอลิเยร์,yes,B1 audit: brutal _Hard_ difficulty variant of a base ability — evaluate unique attributes vs the base
1790847128,長押しして血を採る,AB_FeedBoss_FeedOnDracula_01_Initiate_AbilityGroup,Other,CloseRange,,auto,,,Reviewed,feed,Junk,,,,yes,B1 audit: feed lifecycle ability — likely non-functional for a player; verify then Hide/Block
1295370119,A Thousand Spears,AB_Vampire_BloodKnight_ThousandSpears_AbilityGroup,Other,,,,,,Unreviewed,,Working,,,General Valencia the Depraved,,
-876908134,Activate,AB_Interact_OpenMonster_EnergyBeam_AbilityGroup,Other,,,,,,Unreviewed,,Working,,,,,
1327173823,Apply Weapon Coating,AB_ApplyWeaponCoating_AbilityGroup,,,,,,,Unreviewed,,Working,,,,,
-1007451621,Apply Weapon Coating Blood,AB_ApplyWeaponCoating_Blood_AbilityGroup,,,,,,,Unreviewed,,Working,,,,,
-1706926836,Apply Weapon Coating Chaos,AB_ApplyWeaponCoating_Chaos_AbilityGroup,,,,,,,Unreviewed,,Working,,,,,
2110406288,Apply Weapon Coating Frost,AB_ApplyWeaponCoating_Frost_AbilityGroup,,,,,,,Unreviewed,,Working,,,,,
-1063090297,Apply Weapon Coating Illusion,AB_ApplyWeaponCoating_Illusion_AbilityGroup,,,,,,,Unreviewed,,Working,,,,,
419215380,Apply Weapon Coating Storm,AB_ApplyWeaponCoating_Storm_AbilityGroup,,,,,,,Unreviewed,,Working,,,,,
1293762372,Apply Weapon Coating Unholy,AB_ApplyWeaponCoating_Unholy_AbilityGroup,,,,,,,Unreviewed,,Working,,,,,
91941562,Arch Mage Arcane Imprisonment,AB_ArchMage_ArcaneImprisonment_AbilityGroup,Other,,,,,,Unreviewed,,Working,,,Mairwyn the Elementalist,,
-139137314,Arch Mage Emote Aggro,AB_ArchMage_Emote_Aggro_AbilityGroup,,,,,,,Reviewed,emote,Working,,,,yes,B1 audit: emote — evaluate in-game for player usability (players want more emotes); keep if functional
2091042632,Arctic Leap,AB_Cursed_MountainBeast_SpiritDouble_EngageCircling_AbilityGroup,Other,,,,,,Unreviewed,,Working,,,Gorecrusher Spirit,,
-1332977411,Arctic Leap,AB_Militia_Scribe_WhackAScribe_Init_AbilityGroup,Other,,,,,,Unreviewed,,Working,,,Maja the Dark Savant,,
540661576,Arctic Leap,AB_Monster_Return_AbilityGroup,Other,,,,,,Unreviewed,,Working,,,Adam the Firstborn,,
-1713640367,Arctic Leap,AB_Undead_CursedSmith_FloatingMace_HammerSlam_AbilityGroup,Other,,,,,,Unreviewed,,Working,,,Ghost Assassin,,
-1502523453,Arctic Leap,AB_Undead_CursedSmith_HammerSlam_AbilityGroup,Other,,,,,,Unreviewed,,Working,,,Cyril the Cursed Smith,,
-2005193286,Arctic Leap,AB_Vampire_Dracula_Evolve_AbilityGroup,Other,SelfCast,,auto,,,Unreviewed,,Working,,,Dracula the Immortal King,,
691162066,Arctic Leap,AB_Winter_Yeti_Enrage_DirectBuff_AbilityGroup,Other,,,,,,Unreviewed,,Working,,,Terrorclaw the Ogre,,
430166804,Arctic Leap,AB_Winter_Yeti_GrabIcicle_Aggro_AbilityGroup,Other,SelfCast,,auto,,,Unreviewed,,Working,,,Terrorclaw the Ogre,,
101220113,Ataque Primário,AB_Gloomrot_Railgunner_Cloak_AbilityGroup,Other,,,,,,Unreviewed,,Working,,,Railgunner,,
-1807544727,Ataque secundario,AB_Bandit_Fisherman_SpinAttack_AbilityGroup,Other,,,,,,Unreviewed,,Working,,,"Finn, el Pescador",,
-1492032516,Awake,AB_ExitCoffin_Travel_AbilityGroup_Base,Other,,,,,,Unreviewed,,Working,,,,,
1639668286,Awake,AB_ExitCoffin_Travel_AbilityGroup_Stone,Other,,,,,,Unreviewed,,Working,,,,,
1996370390,Bandit Deadeye Chaosbarrage,AB_Bandit_Deadeye_Chaosbarrage_Group,Other,,,,,,Unreviewed,,Working,,,혼돈의 궁수 리디아,,
-1230681995,Bandit Deadeye Chaosstorm,AB_Bandit_Deadeye_Chaosstorm_Group,Other,,,,,,Unreviewed,,Working,,,Lidia the Chaos Archer,,
-1601441951,Bandit Fisherman Feed Serpent Lineup,AB_Bandit_Fisherman_FeedSerpentLineup_01_AbilityGroup,Other,SelfCast,,auto,,,Unreviewed,,Working,,,Finn the Fisherman,,
-1657698157,Bandit Fisherman Feed Serpent Lineup,AB_Bandit_Fisherman_FeedSerpentLineup_02_AbilityGroup,Other,SelfCast,,auto,,,Unreviewed,,Working,,,Finn the Fisherman,,
-228936316,Bandit Fisherman Feed Serpent Lineup,AB_Bandit_Fisherman_FeedSerpentLineup_03_AbilityGroup,Other,SelfCast,,auto,,,Unreviewed,,Working,,,Finn the Fisherman,,
-2096565232,Bandit Fisherman Fishing Blowfish,AB_Bandit_Fisherman_FishingBlowfish_AbilityGroup,Other,SelfCast,,auto,,,Unreviewed,,Working,,,Finn the Fisherman,,
-82547339,Bandit Fisherman Fishing Lineup,AB_Bandit_Fisherman_FishingLineup_AbilityGroup,Other,SelfCast,,auto,,,Unreviewed,,Working,,,Finn the Fisherman,,
396802528,Bandit Fisherman Fishing Old Boot,AB_Bandit_Fisherman_FishingOldBoot_AbilityGroup,Other,SelfCast,,auto,,,Unreviewed,,Working,,,Finn the Fisherman,,
647582679,Bandit Fisherman Fishing Piranhas,AB_Bandit_Fisherman_FishingPiranhas_AbilityGroup,Other,SelfCast,,auto,,,Unreviewed,,Working,,,Finn the Fisherman,,
-1675488046,Bandit Foreman VBlood Emote Aggro,AB_Bandit_Foreman_VBlood_Emote_Aggro_AbilityGroup,,,,,,,Reviewed,emote,Working,,,,yes,B1 audit: emote — evaluate in-game for player usability (players want more emotes); keep if functional
766284586,Bandit Frost Arrow Rain Of Arrows,AB_Bandit_FrostArrow_RainOfArrows_AbilityGroup,Other,,,,,,Unreviewed,,Working,,,Keely the Frost Archer,,
2134585360,Bandit Frostt Arrow Multi Shot,AB_Bandit_FrosttArrow_MultiShot_Group,Other,,,,,,Unreviewed,,Working,,,Keely the Frost Archer,,
-655368338,Bandit Grave Digger Scream,,Other,,,,,,Unreviewed,,Working,,,Boris the Gravedigger,,
-589722860,Bandit Leader Crossbow,AB_Bandit_Leader_Crossbow_Group,Other,,,,,,Unreviewed,,Working,,,Quincey the Marauder,,
1567999366,Bandit Leader On Aggro,AB_Bandit_Leader_OnAggro_AbilityGroup,,,,,,,Unreviewed,,Working,,,,,
-146108512,Bandit Stalker VBlood Emote Aggro,AB_Bandit_Stalker_VBlood_Emote_Aggro_AbilityGroup,,,,,,,Reviewed,emote,Working,,,,yes,B1 audit: emote — evaluate in-game for player usability (players want more emotes); keep if functional
226929260,Bandit Stalker VBlood Projectile,AB_Bandit_Stalker_VBlood_Projectile_Group,Other,,,,,,Unreviewed,,Working,,,Grayson the Armourer,,
19031114,Bandit Stalker VBlood Spike Trap,AB_Bandit_Stalker_VBlood_SpikeTrap_Group,Other,,,,,,Unreviewed,,Working,,,甲胄师格雷森,,
69086718,Bandit Tourok VBlood Rage Of Chaos,AB_Bandit_Tourok_VBlood_RageOfChaos_AbilityGroup,Other,,,,,,Unreviewed,,Working,,,Quincey the Bandit King,,
1074442576,Barrel Roll,AB_Sommelier_BarrelDance_AbilityGroup,Other,,,,,,Unreviewed,,Working,,,Baron du Bouchon the Sommelier,,
-616794756,Barrel Roll,AB_Sommelier_BarrelFountain_AbilityGroup,Other,,,,,,Unreviewed,,Working,,,Baron du Bouchon the Sommelier,,
22199616,Barrel Roll,AB_Sommelier_HorizontalBarrel_AbilityGroup,Other,,,,,,Unreviewed,,Working,,,Baron du Bouchon the Sommelier,,
-104327922,Bat Form,AB_Shapeshift_Bat_Group,Shapeshift,,,,,,Unreviewed,,Working,,,,,
576026408,Bat Form,AB_Shapeshift_Bat_TakeFlight_Group,Other,,,,,,Unreviewed,,Working,,,,,
369886705,Bear Corrupted Corruption Attack,AB_Bear_Corrupted_CorruptionAttack_AbilityGroup,,,,,,,Unreviewed,,Working,,,,,
-1155840114,Bear Dire On Aggro Emote,AB_Bear_Dire_OnAggro_Emote_AbilityGroup,,,,,,,Reviewed,emote,Working,,,,yes,B1 audit: emote — evaluate in-game for player usability (players want more emotes); keep if functional
-1748125028,Bear Dire Target Switch,AB_Bear_Dire_TargetSwitch_AbilityGroup,,,,,,,Unreviewed,,Working,,,,,
341866865,Bear Form,AB_Shapeshift_Bear_Group,Shapeshift,,,,,,Unreviewed,,Working,,,,,
-1241654227,Bear On Aggro,AB_Bear_OnAggro_AbilityGroup,,,,,,,Unreviewed,,Working,,,,,
-388636006,Bear Wake Up,AB_Bear_WakeUp_Group,,,,,,,Unreviewed,,Working,,,,,
-658066984,Beckon,AB_Emote_Vampire_Beckon_AbilityGroup,Other,,,,,,Reviewed,emote,Working,,,,yes,B1 audit: emote — evaluate in-game for player usability (players want more emotes); keep if functional
1372470796,Bind Coffin,AB_Interact_BindCoffin_AbilityGroup,Other,,,,,,Unreviewed,,Working,,,,,
-1020324236,Bind Coffin,AB_Interact_BindCoffin_Stone_AbilityGroup,Other,,,,,,Unreviewed,,Working,,,,,
-1641231517,Blackfang Alchemist Drink,AB_Blackfang_Alchemist_Drink_AbilityGroup,,,,,,,Unreviewed,,Working,,,,,
-833255541,Blackfang Carver Boss Spew Corruption,AB_Blackfang_CarverBoss_SpewCorruption_AbilityGroup,,,,,,,Unreviewed,,Working,,,,,
684024768,Blackfang Carver Boss Spew Corruption Small,AB_Blackfang_CarverBoss_SpewCorruption_Small_AbilityGroup,,,,,,,Unreviewed,,Working,,,,,
-1629729690,Blackfang Dart Flinger Change Orbit Close,AB_Blackfang_DartFlinger_ChangeOrbitClose_AbilityGroup,,,,,,,Unreviewed,,Working,,,,,
-865776841,Blackfang Dart Flinger Change Orbit Far,AB_Blackfang_DartFlinger_ChangeOrbitFar_AbilityGroup,,,,,,,Unreviewed,,Working,,,,,
-941466362,Blackfang Livith Aggro Players,AB_Blackfang_Livith_AggroPlayers_AbilityGroup,,SelfCast,,auto,,,Unreviewed,,Working,,,,,
987540308,Blackfang Livith Circling Stance,AB_Blackfang_Livith_CirclingStance_AbilityGroup,,,,,,,Unreviewed,,Working,,,,,
-1337706250,Blackfang Livith Clone Ninjutsu,AB_Blackfang_Livith_CloneNinjutsu_AbilityGroup,,,,,,,Unreviewed,,Working,,,,,
-140727030,Blackfang Livith Permanent Stealth,AB_Blackfang_Livith_PermanentStealth_AbilityGroup,,,,,,,Unreviewed,,Working,,,,,
1584749067,Blackfang Livith Spirit Orbs,AB_Blackfang_Livith_SpiritOrbs_AbilityGroup,,,,,,,Unreviewed,,Working,,,,,
-1518495336,Blackfang Livith Spirit Orbs Clear Check,AB_Blackfang_Livith_SpiritOrbs_ClearCheck_AbilityGroup,,,,,,,Unreviewed,,Working,,,,,
1920281924,Blackfang Livith Stealth,AB_Blackfang_Livith_Stealth_AbilityGroup,,SelfCast,,auto,,,Unreviewed,,Working,,,,,
1278045964,Blackfang Morgana Mist Spinners,AB_Blackfang_Morgana_MistSpinners_AbilityGroup,,,,,,,Unreviewed,,Working,,,,,
-616120746,Blackfang Morgana Rings Of Terror,AB_Blackfang_Morgana_RingsOfTerror_AbilityGroup,,,,,,,Unreviewed,,Working,,,,,
345561766,Blackfang Morgana Rings Of Terror Humanoid,AB_Blackfang_Morgana_RingsOfTerror_Humanoid_AbilityGroup,,,,,,,Unreviewed,,Working,,,,,
1990869093,Blackfang Morgana Spectral Orb Barrage,AB_Blackfang_Morgana_SpectralOrbBarrage_AbilityGroup,,,,,,,Unreviewed,,Working,,,,,
1946293901,Blackfang Morgana Spectral Snake,AB_Blackfang_Morgana_SpectralSnake_AbilityGroup,,,,,,,Unreviewed,,Working,,,,,
-95450612,Blackfang Morgana Spectral Snake Far,AB_Blackfang_Morgana_SpectralSnake_Far_AbilityGroup,,,,,,,Unreviewed,,Working,,,,,
1485893437,Blackfang Morgana Spectral Swarm,AB_Blackfang_Morgana_SpectralSwarm_AbilityGroup,,,,,,,Unreviewed,,Working,,,,,
1326530647,Blackfang Morgana Spectral Swarm Humanoid,AB_Blackfang_Morgana_SpectralSwarm_Humanoid_AbilityGroup,,,,,,,Unreviewed,,Working,,,,,
-2140645618,Blackfang Morganas Tail Dive,AB_Blackfang_MorganasTail_Dive_AbilityGroup,,SelfCast,,auto,,,Unreviewed,,Working,,,,,
112453727,Blackfang Peon Carrying Barrel Carry Barrel,AB_Blackfang_PeonCarryingBarrel_CarryBarrel_AbilityGroup,,,,,,,Unreviewed,,Working,,,,,
-123334608,Blackfang Sentinel Counter Attack,AB_Blackfang_Sentinel_CounterAttack_AbilityGroup,,,,,,,Unreviewed,,Working,,,,,
-838311342,Blackfang Sentinel Drink Potion,AB_Blackfang_Sentinel_DrinkPotion_AbilityGroup,,,,,,,Unreviewed,,Working,,,,,
1125833271,Blackfang Striker Defend Ally,AB_Blackfang_Striker_DefendAlly_AbilityGroup,,SelfCast,,auto,,,Unreviewed,,Working,,,,,
-2096054164,Blackfang Striker Fist Block,AB_Blackfang_Striker_FistBlock_AbilityGroup,,SelfCast,,auto,,,Unreviewed,,Working,,,,,
-1375787055,Blackfang Valyr Cauldron Errupt,AB_Blackfang_ValyrCauldron_Errupt_AbilityGroup,,,,,,,Unreviewed,,Working,,,,,
-1329409686,Blackfang Valyr Phase Dual Bomber Duel Quake,AB_Blackfang_Valyr_PhaseDual_BomberDuelQuake_AbilityGroup,,SelfCast,,auto,,,Unreviewed,,Working,,,,,
-1015932492,Blackfang Valyr Phase Dual Chase Target Buff,AB_Blackfang_Valyr_PhaseDual_ChaseTargetBuff_AbilityGroup,,,,,,,Unreviewed,,Working,,,,,
-98135680,Blackfang Valyr Phase Single Bomber Quake,AB_Blackfang_Valyr_PhaseSingle_BomberQuake_AbilityGroup,,SelfCast,,auto,,,Unreviewed,,Working,,,,,
221530600,Blackfang Valyr Phase Swap,AB_Blackfang_Valyr_PhaseSwap_AbilityGroup,,,,,,,Unreviewed,,Working,,,,,
-1574580061,Blackfang Valyr Walk To Pos,AB_Blackfang_Valyr_WalkToPos_AbilityGroup,,SelfCast,,auto,,,Unreviewed,,Working,,,,,
71067886,Blackfang Venomblade Apply Weapon Coating,AB_Blackfang_Venomblade_ApplyWeaponCoating_AbilityGroup,,,,,,,Unreviewed,,Working,,,,,
628133433,Blackfang Wood Carver Carve Tree,AB_Blackfang_WoodCarver_CarveTree_AbilityGroup,,,,,,,Unreviewed,,Working,,,,,
-1472848281,Blackfang Wood Carver Drink,AB_Blackfang_WoodCarver_Drink_AbilityGroup,,,,,,,Unreviewed,,Working,,,,,
-1698228064,Blackfang Wood Carver Furious Swipes,AB_Blackfang_WoodCarver_FuriousSwipes_AbilityGroup,,,,,,,Unreviewed,,Working,,,,,
-1863241708,Blood Hunger,AB_Shapeshift_BloodHunger_BloodSight_Group,Shapeshift,,,,,,Unreviewed,,Working,,,,,
-1996241419,Blood Mend,AB_Shapeshift_BloodMend_Group,Shapeshift,,,,,,Unreviewed,,Working,,,,,
-827928543,Blueberry,AB_Interact_UseForge_Ability_Group,Other,,,,,,Unreviewed,,Working,,,,,
1277638345,Blueberry,AB_Interact_UseRespecStation_Ability_Group,Other,,,,,,Unreviewed,,Working,,,,,
1866448125,Blueberry,AB_Interact_UseServantCoffinstation_Ability_Group,Other,,,,,,Unreviewed,,Working,,,,,
2063732211,Blueberry,AB_Interact_UseSpellSchoolPassiveStation_AbilityGroup,Other,,,,,,Unreviewed,,Working,,,,,
-523365900,Blueberry,AB_Interact_UseUnitSpawnerstation_Ability_Group,Other,,,,,,Unreviewed,,Working,,,,,
-1462274656,Bow,AB_Emote_Vampire_Bow_AbilityGroup,Other,,,,,,Reviewed,emote,Working,,,,yes,B1 audit: emote — evaluate in-game for player usability (players want more emotes); keep if functional
-996493500,Build Menu,AB_OpenMenu_BuildMenu_AbilityGroup,Other,,,,,,Unreviewed,,Working,,,,,
1224470698,Burrow,AB_Shapeshift_Rat_Burrow_AbilityGroup,Other,SelfCast,,auto,,,Unreviewed,,Working,,,,,
1089139335,Burrow,AB_Shapeshift_Spider_Burrow_AbilityGroup,Other,,,,,,Unreviewed,,Working,,,,,
403340165,Camouflage,AB_Bandit_Deadeye_Camouflage_AbilityGroup,Other,,,,,,Unreviewed,,Working,,,Lidia the Chaos Archer,,
-871701576,Camouflage,AB_Bandit_Foreman_RapidShot_Init_AbilityGroup,Other,,,,,,Unreviewed,,Working,,,Lesser Blood Soul,,
1015070299,Camouflage,AB_Bandit_FrostArrow_Camouflage_HARD_AbilityGroup,Other,,,,,,Unreviewed,,Working,,,Keely the Frost Archer,,
-67405040,Camouflage,AB_Bandit_Leader_QuickDraw_AbilityGroup,Other,,,,,,Unreviewed,,Working,,,Quincey the Marauder,,
-1441325084,Camouflage,AB_Undead_ZealousCultist_ShadowMeld_AbilityGroup,Other,,,,,,Unreviewed,,Working,,,Foulrot the Soultaker,,
1438305657,Camouflage,AB_Vampire_Slashers_Camouflage_Main_AbilityGroup,Other,,,,,,Unreviewed,,Working,,,,,
-1015165123,Cardinal Channel,AB_Cardinal_Channel_AbilityGroup,Other,,,,,,Unreviewed,,Working,,,Azariel the Sunbringer,,
-1301873763,Cardinal Light Switch,AB_Cardinal_LightSwitch_AbilityGroup,Other,,,,,,Unreviewed,,Working,,,Azariel the Sunbringer,,
-1109386231,Carver Boss Whirlwind,AB_CarverBoss_Whirlwind_AbilityGroup,,SelfCast,,auto,,,Unreviewed,,Working,,,,,
2103931135,Carver Boss Whirlwind Init,AB_CarverBoss_Whirlwind_Init_AbilityGroup,,,,,,,Unreviewed,,Working,,,,,
112329675,Castle Man Spin Shield,AB_CastleMan_SpinShield_AbilityGroup,,,,,,,Unreviewed,,Working,,,,,
1797118698,Castle Man Throw,AB_CastleMan_Throw_AbilityGroup,Other,,,,,,Unreviewed,,Working,,,Simon Belmont the Vampire Hunter,,
910704281,Castle Relocation,AB_Interact_UseCastleHeartRebuilding_AbilityGroup,Other,,,,,,Unreviewed,,Working,,,,,
1174831223,Chaos Barrage,AB_Chaos_ChaosBarrage_AbilityGroup,Chaos|Ultimate,,,,,,Unreviewed,,Working,,,,,
1452056926,Chaos Barrier,AB_Bandit_Tourok_VBlood_ChaosParry_AbilityGroup,Other,,,,,,Unreviewed,,Working,,,Quincey the Bandit King,,
-1016145613,Chaos Barrier,AB_Chaos_Barrier_AbilityGroup,Chaos|Defensive,SelfCast,,auto,,,Unreviewed,,Working,,,,,
1065629794,Chaos Barrier,AB_Monster_LightningShield_AbilityGroup,Other,,,,,,Unreviewed,,Working,,,Adam the Firstborn,,
-41022254,Chaos Barrier,AB_Purifier_BackBarrier_AbilityGroup,Other,,,,,,Unreviewed,,Working,,,Primal Blood Soul,,
-1672126097,Chaos Barrier,AB_Purifier_ForwardBarrier_AbilityGroup,Other,,,,,,Unreviewed,,Working,,,Primal Blood Soul,,
-1339620791,Charge Batteries,AB_Interact_UseLightningRodStation_AbilityGroup,Other,,,,,,Unreviewed,,Working,,,,,
-923957888,Church Of Light Cleric Heal,AB_ChurchOfLight_Cleric_Heal_AbilityGroup,Other,,,,,,Unreviewed,,Working,,,Cleric,,
499671166,Church Of Light Miner On Aggro,AB_ChurchOfLight_Miner_OnAggro_AbilityGroup,,,,,,,Unreviewed,,Working,,,,,
493409764,Church Of Light Overseer Piercing Charge Throw,AB_ChurchOfLight_Overseer_PiercingCharge_Throw_AbilityGroup,Other,,,,,,Unreviewed,,Working,,,Sir Magnus the Overseer,,
-422683973,Church Of Light Paladin Angelic Ascent,AB_ChurchOfLight_Paladin_AngelicAscent_AbilityGroup,Other,,,,,,Unreviewed,,Working,,,Solarus the Immaculate,,
51772774,Church Of Light Paladin Divine Rays,AB_ChurchOfLight_Paladin_DivineRays_AbilityGroup,Other,,,,,,Unreviewed,,Working,,,Solarus the Immaculate,,
998464144,Church Of Light Paladin Holy Bubble Beam,AB_ChurchOfLight_Paladin_HolyBubble_Beam_AbilityGroup,Other,,,,,,Unreviewed,,Working,,,Solarus the Immaculate,,
834886466,Church Of Light Paladin Holy Flack Cannon,AB_ChurchOfLight_Paladin_HolyFlackCannon_AbilityGroup,Other,,,,,,Unreviewed,,Working,,,Solarus the Immaculate,,
-1852467646,Church Of Light Paladin Holy Spinners,AB_ChurchOfLight_Paladin_HolySpinners_AbilityGroup,Other,,,,,,Unreviewed,,Working,,,Solarus the Immaculate,,
-1326377581,Church Of Light Rifleman Spread Shot UNUSED,AB_ChurchOfLight_Rifleman_SpreadShot_Group_UNUSED,Other,,,,,,Unreviewed,,Working,,,,,
-1599671939,Church Of Light Slave Master AoEBuff Has Ally,AB_ChurchOfLight_SlaveMaster_AoEBuff_HasAlly_AbilityGroup,Other,,,,,,Unreviewed,,Working,,,,,
1587195740,Church Of Light Sommelier Barrel Minion,AB_ChurchOfLight_Sommelier_BarrelMinion_AbilityGroup,Other,,,,,,Unreviewed,,Working,,,,,
-26826346,Clap,AB_Emote_Vampire_Clap_AbilityGroup,Other,,,,,,Reviewed,emote,Working,,,,yes,B1 audit: emote — evaluate in-game for player usability (players want more emotes); keep if functional
-1000260252,Cold Snap,AB_Frost_ColdSnap_AbilityGroup,Frost|Defensive,SelfCast,,auto,,,Unreviewed,,Working,,,,,
-926355648,Cold Snap,AB_IceRanger_ColdSnap_AbilityGroup,Other,SelfCast,,auto,,,Unreviewed,,Working,,,General Elena the Hollow,,
2141326610,Comerciar,AB_Interact_Trade_AbilityGroup,Other,,,,,,Unreviewed,,Working,,,,,
-195896692,Corrupted Crow Strafe Bomb,AB_CorruptedCrow_StrafeBomb_AbilityGroup,,,,,,,Unreviewed,,Working,,,,,
1918468442,Corrupted Wind Gust,AB_CorruptedWindGust_AbilityGroup,,,,,,,Unreviewed,,Working,,,,,
1369843173,Corrupted Wolf Corruption Charged,AB_Corrupted_Wolf_CorruptionCharged_AbilityGroup,,,,,,,Unreviewed,,Working,,,,,
375131842,Crimson Beam,AB_Blood_CrimsonBeam_AbilityGroup,Blood|Ultimate,,,,,,Unreviewed,,Working,,,,,
-1238687119,Cursed Toad King Spit,AB_Cursed_ToadKing_Spit_AbilityGroup,Other,,,,,,Unreviewed,,Working,,,Albert the Duke of Balaton,,
193936844,Cursed Toad Spitter Poison Rain,AB_Cursed_ToadSpitter_PoisonRain_AbilityGroup,Other,,,,,,Unreviewed,,Working,,,Cursed Spitter Toad,,
-852195329,Cursed Wanderer On Aggro,AB_CursedWanderer_OnAggro_AbilityGroup,,,,,,,Unreviewed,,Working,,,,,
2107853915,Cursed Witch Aoe Channel,AB_Cursed_Witch_AoeChannel_AbilityGroup,Other,,,,,,Unreviewed,,Working,,,Witch,,
1628136011,Cursed Witch Death Squad,AB_Cursed_Witch_DeathSquad_AbilityGroup,Other,,,,,,Unreviewed,,Working,,,Matka the Curse Weaver,,
1603735911,Cursed Witch Exploding Mushrooms,AB_Cursed_Witch_ExplodingMushrooms_AbilityGroup,Other,,,,,,Unreviewed,,Working,,,Matka the Curse Weaver,,
-1711588061,Customise,AB_Interact_CustomizationMirror_AbilityGroup,Other,,,,,,Unreviewed,,Working,,,,,
-29584300,Cyclone,AB_Militia_Glassblower_Cyclone_AbilityGroup,Other,,,,,,Unreviewed,,Working,,,Grethel the Glassblower,,
-801968342,Cœur de château,AB_Interact_UseCastleHeart_AbilityGroup,Other,,,,,,Unreviewed,,Working,,,,,
177071276,Dash,AB_Ocean_Blowfish_Swim_AbilityGroup,Other,,,,,,Unreviewed,,Working,,,Pufferfish,,
-1059091794,Dash,AB_Ocean_Piranha_Bite_AbilityGroup,Other,,,,,,Unreviewed,,Working,,,Hungry Piranha,,
1945392759,Dash,AB_VHunter_CastleMan_BackStep_DaggerThrow_AbilityGroup,Other,,,,,,Unreviewed,,Working,,,Simon Belmont the Vampire Hunter,,
8807466,Dash,AB_VHunter_CastleMan_BackStep_Dodge_AbilityGroup,Other,,,,,,Unreviewed,,Working,,,Simon Belmont the Vampire Hunter,,
1250098443,Diluted Blood Potion,AB_Consumable_BarrelDisguise_AbilityGroup,Other,,,,,,Unreviewed,,Working,,,,,
1639330095,Diluted Blood Potion,AB_Consumable_FireResistancePotion_T01_AbilityGroup,Other,,,,,,Unreviewed,,Working,,,,,
2030125327,Diluted Blood Potion,AB_Consumable_GarlicResistancePotion_T01_AbilityGroup,Other,,,,,,Unreviewed,,Working,,,,,
1875280201,Diluted Blood Potion,AB_Consumable_GarlicResistancePotion_T02_AbilityGroup,Other,,,,,,Unreviewed,,Working,,,,,
2142882097,Diluted Blood Potion,AB_Consumable_HealingPotion_T01_AbilityGroup,Other,,,,,,Unreviewed,,Working,,,,,
-618850823,Diluted Blood Potion,AB_Consumable_HealingPotion_T02_AbilityGroup,Other,,,,,,Unreviewed,,Working,,,,,
-1506728203,Diluted Blood Potion,AB_Consumable_PhysicalPowerPotion_T01_AbilityGroup,Other,,,,,,Unreviewed,,Working,,,,,
1195333673,Diluted Blood Potion,AB_Consumable_PhysicalPowerPotion_T02_AbilityGroup,Other,,,,,,Unreviewed,,Working,,,,,
211394464,Diluted Blood Potion,AB_Elixir_Bat_T01_AbilityGroup,Other,,,,,,Unreviewed,,Working,,,,,
452822121,Diluted Blood Potion,AB_Consumable_SpellPowerPotion_T01_AbilityGroup,Other,,,,,,Unreviewed,,Working,,,,,
-2008977590,Diluted Blood Potion,AB_Consumable_SpellPowerPotion_T02_AbilityGroup,Other,,,,,,Unreviewed,,Working,,,,,
-603849198,Diluted Blood Potion,AB_Consumable_SunResistancePotion_T01_AbilityGroup,Other,,,,,,Unreviewed,,Working,,,,,
1743540461,Diluted Blood Potion,AB_Consumable_WaterCanteen_T01_AbilityGroup,Other,,,,,,Unreviewed,,Working,,,,,
1293091219,Diluted Blood Potion,AB_Consumable_WranglerPotion_T01_AbilityGroup,Other,,,,,,Unreviewed,,Working,,,,,
-1904011556,Discharge,AB_Gloomrot_TheProfessor_OverloadOrb_AbilityGroup,Other,,,,,,Unreviewed,,Working,,,Henry Blackbrew the Doctor,,
-230952990,Dismount,AB_Demount_AbilityGroup,Other,,,,,,Unreviewed,,Working,,,,,
-1908054166,Dominate Human,AB_Shapeshift_DominatingPresence_PsychicForm_Group,Shapeshift,,,,,,Unreviewed,,Working,,,,,
589136658,Dominate Mount,AB_Shapeshift_CommandingPresence_Group,Shapeshift,,,,,,Unreviewed,,Working,,,,,
1767074088,Dracula Blood Soul Channel Heal,AB_Dracula_BloodSoul_ChannelHeal_AbilityGroup,Other,,,,,,Unreviewed,,Working,,,Heart of Dracula,,
1957691133,Dracula Spell Stone Bolt Spray,AB_Dracula_SpellStone_BoltSpray_AbilityGroup,Other,,,,,,Unreviewed,,Working,,,Dracula Spell Stone Large Blood,,
-1450279612,Dreadhorn Target Switch,AB_Dreadhorn_TargetSwitch_AbilityGroup,,,,,,,Unreviewed,,Working,,,,,
1600917906,Dual Hammers Thunderclap,AB_DualHammers_Thunderclap_AbilityGroup,,,,,,,Unreviewed,,Working,,,,,
1887600892,Eisblock,AB_Frost_IceBlockVortex_AbilityGroup,Frost|Ultimate,,,,,,Unreviewed,,Working,,,,,
-2024596663,Elixir Beast T01,AB_Elixir_Beast_T01_AbilityGroup,,,,,,,Unreviewed,,Working,,,,,
-759138830,Elixir Blasphemous T01,AB_Elixir_Blasphemous_T01_AbilityGroup,,,,,,,Unreviewed,,Working,,,,,
248404806,Elixir Crow T01,AB_Elixir_Crow_T01_AbilityGroup,,,,,,,Unreviewed,,Working,,,,,
1454652495,Elixir Prowler T01,AB_Elixir_Prowler_T01_AbilityGroup,,,,,,,Unreviewed,,Working,,,,,
1357870002,Elixir Raven T01,AB_Elixir_Raven_T01_AbilityGroup,,,,,,,Unreviewed,,Working,,,,,
-591813536,Elixir Twisted T01,AB_Elixir_Twisted_T01_AbilityGroup,,,,,,,Unreviewed,,Working,,,,,
-332244204,Elixir Werewolf T01,AB_Elixir_Werewolf_T01_AbilityGroup,,,,,,,Unreviewed,,Working,,,,,
-992391256,Emery Elemental Awake,AB_EmeryElemental_Awake_AbilityGroup,,,,,,,Unreviewed,,Working,,,,,
261951503,Emery Elemental Fall Asleep Buff,AB_EmeryElemental_FallAsleep_Buff_AbilityGroup,,,,,,,Unreviewed,,Working,,,,,
2110769437,Emery Elemental Self Detonate,AB_EmeryElemental_SelfDetonate_AbilityGroup,,,,,,,Unreviewed,,Working,,,,,
2080406227,Emery Golem Fall Asleep Buff,AB_EmeryGolem_FallAsleep_Buff_Group,,,,,,,Unreviewed,,Working,,,,,
1489736348,Emote Vampire Walk,AB_Emote_Vampire_Walk_AbilityGroup,Other,,,,,,Reviewed,emote,Working,,,,yes,B1 audit: emote — evaluate in-game for player usability (players want more emotes); keep if functional
1039955663,Enemy Looting Disabled,AB_Interact_OpenContainer_DisabledDummy_AbilityGroup,Other,,,,,,Unreviewed,,Working,,,,,
2024460612,Enter,AB_Interact_UseEntryway_Enter_AbilityGroup,Other,,,,,,Unreviewed,,Working,,,,,
-2136524530,Enter,AB_Interact_UsePortal_AbilityGroup,Other,,,,,,Unreviewed,,Working,,,,,
1687099904,Enter Farbane Woods,AB_Interact_SelectStartGraveyard_AbilityGroup,Other,,,,,,Unreviewed,,Working,,,,,
-739563600,Exit,AB_Interact_UseEntrywayExit_AbilityGroup,Other,,,,,,Unreviewed,,Working,,,,,
1546717070,Exit Form,AB_Shapesfhit_Golem_ExitForm_Group,Other,,,,,,Unreviewed,,Working,,,,,
66606146,Explosive Bullet,AB_Pistols_ExplosiveShot_AbilityGroup,Other,,,,,,Unreviewed,,Working,,,,,
-1648128560,Expose Vein,AB_Shapeshift_ShareBlood_ExposeVein_Group,Shapeshift,,,,,,Unreviewed,,Working,,,,,
-79785701,Expose Vein,AB_ShareVBlood_Group,Other,,,,,,Unreviewed,,Working,,,,,
-245435862,Exquisite Heart,AB_Consumable_Eat_Heart_Exquisite_AbilityGroup,Other,,,,,,Unreviewed,,Working,,,,,
-857675545,Eye of Twilight,AB_Interact_UseNoctemRadar_AbilityGroup,Other,,,,,,Unreviewed,,Working,,,,,
-1337273957,Eye of Twilight,AB_Interact_UseRelicRadar_AbilityGroup,Other,,,,,,Unreviewed,,Working,,,,,
760344149,Fan The Hammer,AB_Pistols_FanTheHammer_AbilityGroup,Other,,,,,,Unreviewed,,Working,,,,,
97206555,Fan The Hammer,AB_SlaveMaster_PistolFan_AbilityGroup,Other,,,,,,Unreviewed,,Working,,,Slave Master,,
-376210658,Feed,AB_Feed_01_Initiate_AbilityGroup,Other,,,,,,Reviewed,feed,Working,,,,yes,B1 audit: feed lifecycle ability — likely non-functional for a player; verify then Hide/Block
-2068632541,Feed,AB_Feed_02_Bite_Abort_AbilityGroup,Other,SelfCast,,auto,,,Reviewed,feed,Working,,,,yes,B1 audit: feed lifecycle ability — likely non-functional for a player; verify then Hide/Block
-1565434117,Feed,AB_FeedDraculaBloodSoul_03_Complete_AbilityGroup,Other,,,,,,Unreviewed,,Working,,,,,
253163764,Feed,AB_FeedDraculaOrb_03_Complete_AbilityGroup,Other,,,,,,Unreviewed,,Working,,,,,
-1365570044,Feed,AB_FeedEnemyVampire_02_Bite_Abort_AbilityGroup,Other,SelfCast,,auto,,,Unreviewed,,Working,,,,,
-1278121774,Feed,AB_FeedFriendly_02_Bite_Abort_AbilityGroup,Other,SelfCast,,auto,,,Unreviewed,,Working,,,,,
-1446310610,Feed,AB_FeedGateBoss_03_Complete_AbilityGroup,Other,,,,,,Unreviewed,,Working,,,,,
1586616867,Feed,AB_FeedRevive_02_Bite_Abort_AbilityGroup,Other,SelfCast,,auto,,,Unreviewed,,Working,,,,,
-1016182556,Fishing,AB_Fishing_AbilityGroup,Other,,,,,,Unreviewed,,Working,,,,,
-1245963301,Fishing,AB_Fishing_AbilityGroup_Debug,Other,,,,,,Unreviewed,,Working,,,,,
530843430,Footman On Aggro,AB_Footman_OnAggro_AbilityGroup,,,,,,,Unreviewed,,Working,,,,,
-153669671,Footman Side Step Back,AB_Footman_SideStep_Back_AbilityGroup,,,,,,,Unreviewed,,Working,,,,,
680715401,Footman Side Step Left,AB_Footman_SideStep_Left_AbilityGroup,,,,,,,Unreviewed,,Working,,,,,
30220474,Footman Side Step Right,AB_Footman_SideStep_Right_AbilityGroup,,,,,,,Unreviewed,,Working,,,,,
1293609465,Frost Barrier,AB_FrostBarrier_AbilityGroup,Frost|Defensive,SelfCast,,auto,,,Unreviewed,,Working,,,,,
1119012588,Frost Cone,AB_FrostCone_AbilityGroup,,SelfCast,,auto,,,Unreviewed,,Working,,,,,
1563014858,Gargoyle Fly End,AB_Gargoyle_FlyEnd_AbilityGroup,Other,,,,,,Unreviewed,,Working,,,Beatrice the Tailor,,
-382913708,Gargoyle Fly Start,AB_Gargoyle_FlyStart_AbilityGroup,Other,,,,,,Unreviewed,,Working,,,Beatrice the Tailor,,
1460741503,Gargoyle Wing Shield,AB_Gargoyle_WingShield_AbilityGroup,,,,,,,Unreviewed,,Working,,,,,
1529659981,Gargoyle Wing Shield Emerge Spawn,AB_Gargoyle_WingShield_EmergeSpawn_AbilityGroup,Other,SelfCast,,auto,,,Unreviewed,,Working,,,,,
-394948183,Geomancer Awake,AB_Geomancer_Awake_AbilityGroup,,,,,,,Unreviewed,,Working,,,,,
1925592126,Geomancer Transform To Golem,AB_Geomancer_Transform_ToGolem_AbilityGroup,Other,,,,,,Unreviewed,,Working,,,Terah the Geomancer,,
-2084016434,Geomancer Transform To Golem Second Time,AB_Geomancer_Transform_ToGolem_SecondTime_AbilityGroup,Other,,,,,,Unreviewed,,Working,,,Terah the Geomancer,,
-716557249,Geomancer Transform To Human,AB_Geomancer_Transform_ToHuman_AbilityGroup,Other,,,,,,Unreviewed,,Working,,,Terah the Geomancer,,
1937597415,Glamour of Maria Renard,AB_Shapeshift_Human_PMK_Skin02_Group,Shapeshift,,,,,,Unreviewed,,Working,,,,,
-1060298293,Gloomrot Sentry Turret Bunker Up,AB_Gloomrot_SentryTurret_BunkerUp_AbilityGroup,Other,,,,,,Unreviewed,,Working,,,Sentry Turret,,
2142399697,Gloomrot Spider Tank Driller Drill,AB_Gloomrot_SpiderTank_Driller_Drill_AbilityGroup,,,,,,,Unreviewed,,Working,,,,,
-892447725,Gloomrot Spider Tank Driller Earth Quake,AB_Gloomrot_SpiderTank_Driller_EarthQuake_AbilityGroup,,,,,,,Unreviewed,,Working,,,,,
98352404,Gloomrot The Professor Discharge,AB_Gloomrot_TheProfessor_Discharge_AbilityGroup,Other,SelfCast,,auto,,,Unreviewed,,Working,,,Henry Blackbrew the Doctor,,
1142491430,Gloomrot The Professor Electric Push,AB_Gloomrot_TheProfessor_ElectricPush_Group,Other,,,,,,Unreviewed,,Working,,,Henry Blackbrew the Doctor,,
1957366402,Gloomrot The Professor Few Beams,AB_Gloomrot_TheProfessor_FewBeams_Group,Other,,,,,,Unreviewed,,Working,,,Henry Blackbrew the Doctor,,
-841469184,Gloomrot The Professor Many Beams,AB_Gloomrot_TheProfessor_ManyBeams_Group,Other,,,,,,Unreviewed,,Working,,,Henry Blackbrew the Doctor,,
-727882902,Gloomrot The Professor Perma Beams,AB_Gloomrot_TheProfessor_PermaBeams_Group,Other,,,,,,Unreviewed,,Working,,,Henry Blackbrew the Doctor,,
2100724308,Gloomrot Tractor Beamer Directional Shield,AB_Gloomrot_TractorBeamer_DirectionalShield_AbilityGroup,,,,,,,Unreviewed,,Working,,,,,
72734316,Gold Golem Aggro Target,AB_GoldGolem_AggroTarget_AbilityGroup,,,,,,,Unreviewed,,Working,,,,,
-1656534946,Gold Golem Awake,AB_GoldGolem_Awake_Group,,,,,,,Unreviewed,,Working,,,,,
-963623992,Gold Golem Enrage,AB_GoldGolem_Enrage_AbilityGroup,,,,,,,Unreviewed,,Working,,,,,
-685952199,Gold Golem Fall Asleep Buff,AB_GoldGolem_FallAsleep_Buff_AbilityGroup,,,,,,,Unreviewed,,Working,,,,,
1167119356,Grandma Form,AB_Shapeshift_Human_Grandma_Skin01_Group,Shapeshift,,,,,,Unreviewed,,Working,,,,,
-34533844,Guise of the Flea Man,AB_Shapeshift_Toad_PMK_Skin01_Group,Shapeshift,,,,,,Unreviewed,,Working,,,,,
1214299173,Health Orb,AB_Interact_HealingOrb_AbilityGroup,Other,,,,,,Unreviewed,,Working,,,,,
-1329891521,Health Orb,AB_Interact_HealingOrb_Leech_AbilityGroup,Other,,,,,,Unreviewed,,Working,,,,,
-1154891994,Hide,AB_Interact_HideInObject_AbilityGroup,Other,,,,,,Unreviewed,,Working,,,,,
-188185340,Hide,AB_Interact_HideInObject_Recast_M1_AbilityGroup,Other,,,,,,Unreviewed,,Working,,,,,
1006960825,High Lord Corpse Storm,AB_HighLord_CorpseStorm_AbilityGroup,Other,,,,,,Unreviewed,,Working,,,General Cassius the Betrayer,,
1137335620,Hold to Access,AB_Interact_OpenContainer_HoldToTap_AbilityGroup,Other,,,,,,Unreviewed,,Working,,,,,
1473393531,Hold to Access Castle Heart,AB_Interact_UseCastleHeart_AbilityGroup_Enemy,Other,,,,,,Unreviewed,,Working,,,,,
-650664522,Hold to Access Castle Relocation,AB_Interact_UseCastleHeartRebuilding_AbilityGroup_Enemy,Other,,,,,,Unreviewed,,Working,,,,,
-1803981405,Hold to Claim Siege Power,AB_Interact_Siege_Structure_T02_AbilityGroup,Other,,,,,,Unreviewed,,Working,,,,,
1654467658,Hold to Claim Soul Shard,AB_Interact_RetrieveRelic_AbilityGroup,Other,,,,,,Unreviewed,,Working,,,,,
4267150,Hold to Drag,AB_Interact_VampirePull_AbilityGroup,Other,,,,,,Unreviewed,,Working,,,,,
-501592674,Hold to Enter,AB_Interact_UseEntryway_Cave_AbilityGroup,Other,,,,,,Unreviewed,,Working,,,,,
-440165167,Hold to Equip Armour,AB_Interact_ArmorRack_AbilityGroup,Other,,,,,,Unreviewed,,Working,,,,,
391943159,Hold to Feed,AB_FeedEnemyVampire_01_Initiate_AbilityGroup,Other,,,,,,Unreviewed,,Working,,,,,
1883675026,Hold to Harness Power,AB_Interact_UseRelic_Behemoth_AbilityGroup,Other,,,,,,Unreviewed,,Working,,,,,
-2054010438,Hold to Harness Power,AB_Interact_UseRelic_Manticore_AbilityGroup,Other,,,,,,Unreviewed,,Working,,,,,
-2064810948,Hold to Harness Power,AB_Interact_UseRelic_Monster_AbilityGroup,Other,,,,,,Unreviewed,,Working,,,,,
546136204,Hold to Harness Power,AB_Interact_UseRelic_Paladin_AbilityGroup,Other,,,,,,Unreviewed,,Working,,,,,
1734264526,Hold to Mount,AB_Interact_Mount_AbilityGroup,Other,,,,,,Unreviewed,,Working,,,,,
-2057340406,Hold to open Gate,AB_Interact_OpenGate_AbilityGroup,Other,,,,,,Unreviewed,,Working,,,,,
345138892,Hold to Pick Up,AB_Interact_PickDisconnected_AbilityGroup,Other,,,,,,Unreviewed,,Working,,,,,
1689119503,Hold to Pull Lever,AB_Interact_MonsterGenerator_AbilityGroup,Other,,,,,,Unreviewed,,Working,,,,,
1606718216,Hold to Release Wisp,AB_Interact_Curse_Wisp_AbilityGroup,Other,,,,,,Unreviewed,,Working,,,,,
1754040702,Hold to Revive,AB_FeedRevive_01_Initiate_AbilityGroup,Other,,,,,,Unreviewed,,Working,,,,,
1013114237,Hold to Sleep,AB_Interact_GetInside_AbilityGroup_Base,Other,,,,,,Unreviewed,,Working,,,,,
1335616296,Hold to Sleep,AB_Interact_GetInside_AbilityGroup_Stone,Other,,,,,,Unreviewed,,Working,,,,,
893332545,Hold to Teleport,AB_Interact_UseWaypoint_AbilityGroup,Other,,,,,,Unreviewed,,Working,,,,,
-1696712851,Hold to Teleport,AB_Interact_UseWaypoint_Blocked_AbilityGroup,Other,,,,,,Unreviewed,,Working,,,,,
421907078,Hold to Unlock,AB_Interact_OpenContainer_Hold_AbilityGroup,Other,,,,,,Unreviewed,,Working,,,,,
-1861621769,Holy Resistance Flask,AB_Consumable_HolyResistancePotion_T02_AbilityGroup,Other,,,,,,Unreviewed,,Working,,,,,
1898092173,Holy Resistance Potion,AB_Consumable_HolyResistancePotion_T01_AbilityGroup,Other,,,,,,Unreviewed,,Working,,,,,
-805514691,Holy Resistance Potion,AB_Consumable_SilverResistancePotion_T02_AbilityGroup,Other,,,,,,Unreviewed,,Working,,,,,
-880319836,Horse Vampire Thrust,AB_Horse_Vampire_Thrust_AbilityGroup,,,,,,,Unreviewed,,Working,,,,,
875909348,Howl,AB_Shapeshift_Wolf_Howl_AbilityGroup,Other,,,,,,Unreviewed,,Working,,,,,
-980532804,Human Form,AB_Shapeshift_Human_Group,Shapeshift,,,,,,Unreviewed,,Working,,,,,
-1710744334,Ice Ranger Blood Mend,AB_IceRanger_BloodMend_AbilityGroup,Other,,,,,,Unreviewed,,Working,,,General Elena the Hollow,,
-1432758970,Illusion Curse,AB_Illusion_Curse_Group,,,,,,,Unreviewed,,Working,,,,,
-1717210880,Imprison,AB_Charm_SendToPrison_AbilityGroup,Other,,,,,,Unreviewed,,Working,,,,,
-1160664147,Inspect,AB_Interact_Inspect_AbilityGroup,Other,,,,,,Unreviewed,,Working,,,,,
2145896190,Interact,AB_Interact_UseMusicPlayerStation_AbilityGroup,Other,,,,,,Unreviewed,,Working,,,,,
-2143553487,Interact,AB_Interact_UsePrisonStation_AbilityGroup,Other,,,,,,Unreviewed,,Working,,,,,
-312796240,Interact Arena Flag Leave,AB_Interact_ArenaFlag_Leave_AbilityGroup,,,,,,,Unreviewed,,Working,,,,,
-926110853,Interact Arena Flag Team01,AB_Interact_ArenaFlag_Team01_AbilityGroup,,,,,,,Unreviewed,,Working,,,,,
270247647,Interact Arena Flag Team02,AB_Interact_ArenaFlag_Team02_AbilityGroup,,,,,,,Unreviewed,,Working,,,,,
-723874886,Interact Arena Flag Team03,AB_Interact_ArenaFlag_Team03_AbilityGroup,,,,,,,Unreviewed,,Working,,,,,
919946085,Interact Arena Flag Team04,AB_Interact_ArenaFlag_Team04_AbilityGroup,,,,,,,Unreviewed,,Working,,,,,
1864378264,Interact Arena Station,AB_Interact_ArenaStation_AbilityGroup,,,,,,,Unreviewed,,Working,,,,,
-1114643812,Interact Duel Flag,AB_Interact_DuelFlag_AbilityGroup,,,,,,,Unreviewed,,Working,,,,,
544227616,Interact Mount Revive,AB_Interact_Mount_Revive_AbilityGroup,,,,,,,Unreviewed,,Working,,,,,
-1912437283,Interact Open Container Allow Shapeshift,AB_Interact_OpenContainer_AllowShapeshift_AbilityGroup,,,,,,,Unreviewed,,Working,,,,,
922855296,Interact Use Blood Mixer,AB_Interact_UseBloodMixer_AbilityGroup,,,,,,,Unreviewed,,Working,,,,,
1022555711,Interact Use Fusion Forge Ability,AB_Interact_UseFusionForge_Ability_Group,,,,,,,Unreviewed,,Working,,,,,
-341552237,Interact Use Inventory Route Station,AB_Interact_UseInventoryRouteStation_AbilityGroup,,,,,,,Unreviewed,,Working,,,,,
-1309114324,Interact Use Stables,AB_Interact_UseStables_AbilityGroup,,,,,,,Unreviewed,,Working,,,,,
205884718,Iva Weapon Equip Base,AB_Iva_WeaponEquip_Base_AbilityGroup,Other,,,,,,Unreviewed,,Working,,,,,
948730951,Iva Weapon Equip BFG,AB_Iva_WeaponEquip_BFG_AbilityGroup,Other,,,,,,Unreviewed,,Working,,,Ziva the Engineer,,
-2020699185,Iva Weapon Equip Flamer,AB_Iva_WeaponEquip_Flamer_AbilityGroup,Other,,,,,,Unreviewed,,Working,,,Ziva the Engineer,,
-420570478,Iva Weapon Equip Shotgun,AB_Iva_WeaponEquip_Shotgun_AbilityGroup,Other,,,,,,Unreviewed,,Working,,,Ziva the Engineer,,
-1409019914,Iva Weapon Equip Tazer,AB_Iva_WeaponEquip_Tazer_AbilityGroup,Other,,,,,,Unreviewed,,Working,,,Ziva the Engineer,,
980772169,Iva Weapon Malfunction Base,AB_Iva_WeaponMalfunction_Base_AbilityGroup,Other,,,,,,Unreviewed,,Working,,,,,
49364370,Iva Weapon Malfunction Flamer,AB_Iva_WeaponMalfunction_Flamer_AbilityGroup,Other,,,,,,Unreviewed,,Working,,,Ziva the Engineer,,
-680856467,Iva Weapon Malfunction Shotgun,AB_Iva_WeaponMalfunction_Shotgun_AbilityGroup,Other,,,,,,Unreviewed,,Working,,,Ziva the Engineer,,
-1873002975,Knight 2 H On Aggro,AB_Knight_2H_OnAggro_AbilityGroup,,,,,,,Unreviewed,,Working,,,,,
1124815062,Knight 2 H On Aggro,AB_Knight_2H_OnAggro_Group,,,,,,,Unreviewed,,Working,,,,,
-2127256282,Knight 2 H Side Step Left,AB_Knight_2H_SideStep_Left_AbilityGroup,,,,,,,Unreviewed,,Working,,,,,
-386968650,Knight Shield Directional Shield,AB_KnightShield_DirectionalShield_AbilityGroup,,,,,,,Unreviewed,,Working,,,,,
-1950156342,Knight Shield On Aggro,AB_KnightShield_OnAggro_AbilityGroup,,,,,,,Unreviewed,,Working,,,,,
157070105,Knight Shield Side Step Back,AB_KnightShield_SideStep_Back_AbilityGroup,,,,,,,Unreviewed,,Working,,,,,
-2012449382,Knight Shield Side Step Left,AB_KnightShield_SideStep_Left_AbilityGroup,,,,,,,Unreviewed,,Working,,,,,
1703351456,Knight Shield Side Step Right,AB_KnightShield_SideStep_Right_AbilityGroup,,,,,,,Unreviewed,,Working,,,,,
-931708593,Knock Knock,AB_Interact_DoorKnock_AbilityGroup,Other,,,,,,Unreviewed,,Working,,,,,
1558475957,Land,AB_Shapeshift_Bat_Land_AbilityGroup,Other,,,,,,Unreviewed,,Working,,,,,
1679087496,Land,,Other,,,,,,Unreviewed,,Working,,,,,
1131137826,Legion Vargulf Maul Knockdown Lesser,AB_Legion_Vargulf_MaulKnockdown_AbilityGroup_Lesser,Other,,,,,,Unreviewed,,Working,,,Ripperbeast,,
978386280,Lightning Curtain,AB_Gloomrot_RailgunSergeant_LightningWall_AbilityGroup,Other,,,,,,Unreviewed,,Working,,,Voltatia the Power Master,,
1071205195,Lightning Curtain,AB_Storm_LightningWall_AbilityGroup,Storm|Defensive,,,,,,Unreviewed,,Working,,,,,
646443134,Lightning Storm Debug,AB_LightningStorm_Debug_Group,Other,,,,,,Unreviewed,,Working,,,,,
-839571202,Lightweaver Holy Bolt Spray,AB_Lightweaver_HolyBoltSpray_AbilityGroup,Other,,,,,,Unreviewed,,Working,,,Lightweaver,,
1876841142,Lightweaver Holy Trinity,AB_Lightweaver_HolyTrinity_AbilityGroup,Other,,,,,,Unreviewed,,Working,,,Lightweaver,,
-1617880256,Lucie Alchemic Madness Channel,AB_Lucie_AlchemicMadness_Channel_AbilityGroup,,SelfCast,Channel,auto,,,Unreviewed,,Working,,,,,
550876706,Lucie Alchemic Madness Walk To Pos,AB_Lucie_AlchemicMadness_WalkToPos_AbilityGroup,,SelfCast,,auto,,,Unreviewed,,Working,,,,,
1628835400,Lucie Barrier,AB_Lucie_Barrier_AbilityGroup,,,,,,,Unreviewed,,Working,,,,,
505640659,Lucie Pick Up Potion Pickup,AB_Lucie_PickUpPotion_Pickup_AbilityGroup,,,,,,,Unreviewed,,Working,,,,,
385165207,Lucie Pick Up Potion Walk To Potion,AB_Lucie_PickUpPotion_WalkToPotion_AbilityGroup,,SelfCast,,auto,,,Unreviewed,,Working,,,,,
2026199659,Lucie Player Ability Clarity Potion Drink,AB_Lucie_PlayerAbility_ClarityPotion_Drink_AbilityGroup,,,,,,,Unreviewed,,Working,,,,,
-1427506356,Lucie Player Ability Clarity Potion Drop,AB_Lucie_PlayerAbility_ClarityPotion_Drop_AbilityGroup,,,,,,,Unreviewed,,Working,,,,,
992060171,Lucie Player Ability Liquid Fire Potion Drop,AB_Lucie_PlayerAbility_LiquidFirePotion_Drop_AbilityGroup,,,,,,,Unreviewed,,Working,,,,,
1340177024,Lucie Player Ability Liquid Luck Potion Drink,AB_Lucie_PlayerAbility_LiquidLuckPotion_Drink_AbilityGroup,,,,,,,Unreviewed,,Working,,,,,
1404029255,Lucie Player Ability Liquid Luck Potion Drop,AB_Lucie_PlayerAbility_LiquidLuckPotion_Drop_AbilityGroup,,,,,,,Unreviewed,,Working,,,,,
2102890955,Lucie Player Ability Polymorph Potion Drink,AB_Lucie_PlayerAbility_PolymorphPotion_Drink_AbilityGroup,,,,,,,Unreviewed,,Working,,,,,
1834131915,Lucie Player Ability Polymorph Potion Drop,AB_Lucie_PlayerAbility_PolymorphPotion_Drop_AbilityGroup,,,,,,,Unreviewed,,Working,,,,,
1808221013,Lucie Player Ability Potion Base Drink,AB_Lucie_PlayerAbility_Potion_Base_Drink_AbilityGroup,,,,,,,Unreviewed,,Working,,,,,
1492189086,Lucie Player Ability Potion Base Drop,AB_Lucie_PlayerAbility_Potion_Base_Drop_AbilityGroup,,,,,,,Unreviewed,,Working,,,,,
-425763347,Lucie Player Ability Wondrous Healing Potion Drink,AB_Lucie_PlayerAbility_WondrousHealingPotion_Drink_AbilityGroup,,,,,,,Unreviewed,,Working,,,,,
1225529685,Lucie Player Ability Wondrous Healing Potion Drop,AB_Lucie_PlayerAbility_WondrousHealingPotion_Drop_AbilityGroup,,,,,,,Unreviewed,,Working,,,,,
-2147238865,Lucie Player Clarity Potion Interact Pickup,AB_Lucie_Player_ClarityPotion_Interact_Pickup_AbilityGroup,,,,,,,Unreviewed,,Working,,,,,
-1858007153,Lucie Player Liquid Fire Potion Interact Pickup,AB_Lucie_Player_LiquidFirePotion_Interact_Pickup_AbilityGroup,,,,,,,Unreviewed,,Working,,,,,
-700139030,Lucie Player Liquid Luck Potion Interact Pickup,AB_Lucie_Player_LiquidLuckPotion_Interact_Pickup_AbilityGroup,,,,,,,Unreviewed,,Working,,,,,
1328627408,Lucie Player Polymorph Potion Interact Pickup,AB_Lucie_Player_PolymorphPotion_Interact_Pickup_AbilityGroup,,,,,,,Unreviewed,,Working,,,,,
1524554505,Lucie Player Potion Base Interact Pickup,AB_Lucie_Player_Potion_Base_Interact_Pickup_AbilityGroup,,,,,,,Unreviewed,,Working,,,,,
-964075599,Lucie Player Wondrous Healing Potion Interact Pickup,AB_Lucie_Player_WondrousHealingPotion_Interact_Pickup_AbilityGroup,,,,,,,Unreviewed,,Working,,,,,
995945059,Manticore Breath From Above,AB_Manticore_BreathFromAbove_AbilityGroup,Other,,,,,,Unreviewed,,Working,,,Talzur the Winged Horror,,
-627924949,Manticore Chaos Breath,AB_Manticore_ChaosBreath_AbilityGroup,Other,,,,,,Unreviewed,,Working,,,Talzur the Winged Horror,,
-808215778,Manticore Fly End,AB_Manticore_FlyEnd_AbilityGroup,Other,,,,,,Unreviewed,,Working,,,Talzur the Winged Horror,,
-722759857,Manticore Fly Start,AB_Manticore_FlyStart_AbilityGroup,Other,,,,,,Unreviewed,,Working,,,Talzur the Winged Horror,,
1686895005,Manticore Frost Vortex,AB_Manticore_FrostVortex_AbilityGroup,Other,,,,,,Unreviewed,,Working,,,Talzur the Winged Horror,,
1806701827,Manticore Stagger,AB_Manticore_Stagger_AbilityGroup,,,,,,,Reviewed,reaction,Working,,,,yes,B1 audit: reaction (counter/knockdown) — may be a real CC; evaluate in-game
1254689969,Manticore Target Switch,AB_Manticore_TargetSwitch_AbilityGroup,,,,,,,Unreviewed,,Working,,,,,
-418737686,Manticore Wing Storm,AB_Manticore_WingStorm_AbilityGroup,Other,,,,,,Unreviewed,,Working,,,Talzur the Winged Horror,,
2073002423,Militia Bell Ringer Ring Bell,AB_Militia_BellRinger_RingBell_AbilityGroup,Other,,,,,,Unreviewed,,Working,,,Bell Ringer,,
-1049539886,Militia Bishop Of Dunley Holy Beam Aggro Buff,AB_Militia_BishopOfDunley_HolyBeam_AggroBuff_AbilityGroup,Other,,,,,,Unreviewed,,Working,,,Raziel the Shepherd,,
1232856473,Militia Bomb Throw,AB_Militia_BombThrow_AbilityGroup,Other,,,,,,Unreviewed,,Working,,,Militia Demolisher,,
-715615220,Militia Fabians Steed Aggro Target,AB_Militia_FabiansSteed_AggroTarget_AbilityGroup,,,,,,,Unreviewed,,Working,,,,,
-59488185,Militia Fabians Steed Mounted Swing Movement,AB_Militia_FabiansSteed_MountedSwingMovement_AbilityGroup,,,,,,,Unreviewed,,Working,,,,,
644410055,Militia Fabians Steed Post Charge,AB_Militia_FabiansSteed_PostCharge_AbilityGroup,,,,,,,Unreviewed,,Working,,,,,
1207495983,Militia Fabians Steed Post Multi Charge,AB_Militia_FabiansSteed_PostMultiCharge_AbilityGroup,,,,,,,Unreviewed,,Working,,,,,
-469608333,Militia Fabians Steed Run Close,AB_Militia_FabiansSteed_RunClose_AbilityGroup,,,,,,,Unreviewed,,Working,,,,,
-212014657,Militia Glassblower Glass Rain,AB_Militia_Glassblower_GlassRain_AbilityGroup,Other,,,,,,Unreviewed,,Working,,,Grethel the Glassblower,,
890007919,Militia Glassblower Mirror Shield,AB_Militia_Glassblower_MirrorShield_AbilityGroup,,SelfCast,,auto,,,Unreviewed,,Working,,,,,
308360499,Militia Guard VBlood Frost Shield,AB_Militia_Guard_VBlood_FrostShield_AbilityGroup,,,,,,,Unreviewed,,Working,,,,,
940440404,Militia Heavy Directional Shield,AB_Militia_Heavy_DirectionalShield_AbilityGroup,,,,,,,Unreviewed,,Working,,,,,
-680710725,Militia Horseman Mount Run Away,AB_Militia_Horseman_Mount_RunAway_AbilityGroup,,,,,,,Unreviewed,,Working,,,,,
-1162366175,Militia Horseman Unlock Rotation,AB_Militia_Horseman_UnlockRotation_AbilityGroup,,,,,,,Unreviewed,,Working,,,,,
-1055527085,Militia Hound Howl,AB_Militia_Hound_Howl_AbilityGroup,,,,,,,Unreviewed,,Working,,,,,
479773974,Militia Hound Master Spread Shot,AB_Militia_HoundMaster_SpreadShot_AbilityGroup,Other,,,,,,Unreviewed,,Working,,,Boyo,,
-1291643146,Militia Hound Step Back,AB_Militia_Hound_StepBack_AbilityGroup,,,,,,,Unreviewed,,Working,,,,,
-1065281102,Militia Miner On Aggro,AB_Militia_Miner_OnAggro_AbilityGroup,,,,,,,Unreviewed,,Working,,,,,
828954334,Monster Lightning Pillar Speed Buff,AB_Monster_LightningPillar_SpeedBuff_AbilityGroup,Other,,,,,,Unreviewed,,Working,,,,,
1693720077,Monster Pierce Finnish,AB_Monster_PierceFinnish_AbilityGroup,Other,,,,,,Unreviewed,,Working,,,Adam the Firstborn,,
-2127334043,Monster Summon Lightning Pillars,AB_Monster_SummonLightningPillars_AbilityGroup,Other,,,,,,Unreviewed,,Working,,,Adam the Firstborn,,
-2066895745,Monster Throw,AB_Monster_Throw_AbilityGroup,Other,,,,,,Unreviewed,,Working,,,Adam the Firstborn,,
-1142698587,Multishot,AB_Longbow_MultiShot_AbilityGroup,Other,,,,,,Unreviewed,,Working,,,,,
-1766338327,Mutant Flesh Golem Bulldoze Scream,AB_Mutant_FleshGolem_Bulldoze_Scream_AbilityGroup,Other,,,,,,Unreviewed,,Working,,,Flesh Golem,,
1388701732,Mutant Spitter Poison Rain,AB_Mutant_Spitter_PoisonRain_AbilityGroup,Other,,,,,,Unreviewed,,Working,,,Mutant Spitter,,
-985136954,Másodlagos támadás,AB_ChurchOfLight_Overseer_SpinAttack_AbilityGroup,Other,,,,,,Unreviewed,,Working,,,"Sir Magnus, a Felvigyázó",,
-53273186,No,AB_Emote_Vampire_No_AbilityGroup,Other,,,,,,Reviewed,emote,Working,,,,yes,B1 audit: emote — evaluate in-game for player usability (players want more emotes); keep if functional
1634335063,Normal Form,AB_Shapeshift_NormalForm_Group,Shapeshift,,,,,,Unreviewed,,Working,,,,,
1267698255,Nun Ao E,AB_Nun_AoE_AbilityGroup,,,,,,,Unreviewed,,Working,,,,,
919394375,Nun AoE,AB_Nun_AoE_AbilityGroup,Other,,,,,,Unreviewed,,Working,,,Nun,,
605530795,Nun HARD Holy Bolt Spray,AB_Nun_HARD_HolyBoltSpray_AbilityGroup,Other,,,,,,Unreviewed,,Working,,,Christina the Sun Priestess,,
54266570,Nun Healing Channel,AB_Nun_HealingChannel_AbilityGroup,Other,,,,,,Unreviewed,,Working,,,Christina the Sun Priestess,,
1090673078,Nun Healing Channel Long,AB_Nun_HealingChannel_AbilityGroup_Long,Other,,,,,,Unreviewed,,Working,,,Christina the Sun Priestess,,
397860291,Nun Healing Channel Short,AB_Nun_HealingChannel_AbilityGroup_Short,Other,,,,,,Unreviewed,,Working,,,Christina the Sun Priestess,,
-1763951497,Ocean Piranha Circle,AB_Ocean_Piranha_Circle_AbilityGroup,Other,,,,,,Unreviewed,,Working,,,Hungry Piranha,,
2099812790,Open,AB_Interact_Construct_Long_AbilityGroup,Other,,,,,,Unreviewed,,Working,,,,,
34416775,Open,AB_Interact_Dismantle_Long_AbilityGroup,Other,,,,,,Unreviewed,,Working,,,,,
-310753479,Open,AB_Interact_Dismantle_Short_AbilityGroup,Other,,,,,,Unreviewed,,Working,,,,,
-1662046920,Open,AB_Interact_OpenContainer_AbilityGroup,Other,,,,,,Unreviewed,,Working,,,,,
1399369255,Open,AB_Interact_PlaceTileModel_AbilityGroup_Long,Other,,,,,,Unreviewed,,Working,,,,,
-927251534,Open,AB_Interact_UseBloodAltar_AbilityGroup,Other,,,,,,Unreviewed,,Working,,,,,
-191894025,Open,AB_Interact_UseJewelCraftingStation_AbilityGroup,Other,,,,,,Unreviewed,,Working,,,,,
897325595,Open,AB_Interact_UseRefinementStation_AbilityGroup,Other,,,,,,Unreviewed,,Working,,,,,
-2139983264,Open,AB_Interact_UseRefinementStationBloodpress_AbilityGroup,Other,,,,,,Unreviewed,,Working,,,,,
-2120286823,Open,AB_Interact_UseRefinementStationGrinder_AbilityGroup,Other,,,,,,Unreviewed,,Working,,,,,
-3758365,Open,AB_Interact_UseSalvageStation_AbilityGroup,Other,,,,,,Unreviewed,,Working,,,,,
2038916168,Open,AB_Interact_UseWorkstation_AbilityGroup,Other,,,,,,Unreviewed,,Working,,,,,
-1934538221,Open/Close,AB_Interact_OpenDoor_AbilityGroup,Other,,,,,,Unreviewed,,Working,,,,,
-80003337,Overloaded,AB_Interact_UseLightningRodStation_Overloaded_AbilityGroup,Other,,,,,,Unreviewed,,Working,,,,,
1927100043,Paladin Divine Angel Angelic Flack Cannon,AB_Paladin_DivineAngel_AngelicFlackCannon_AbilityGroup,Other,,,,,,Unreviewed,,Working,,,Divine Angel,,
31826871,Paladin Divine Angel Holy Barrage,AB_Paladin_DivineAngel_HolyBarrage_AbilityGroup,Other,,,,,,Unreviewed,,Working,,,Divine Angel,,
-1847055470,Paladin Fallen Angel Unholy Barrage,AB_Paladin_FallenAngel_UnholyBarrage_AbilityGroup,Other,,,,,,Unreviewed,,Working,,,Fallen Angel,,
-1408189956,Paladin On Aggro,AB_Paladin_OnAggro_AbilityGroup,,,,,,,Unreviewed,,Working,,,,,
-643255566,Paladin On Aggro,AB_Paladin_OnAggro_Group,,,,,,,Unreviewed,,Working,,,,,
1306041529,Pass Through,AB_Interact_DraculaDoor_AbilityGroup,Other,,,,,,Unreviewed,,Working,,,,,
-1732463804,Pick Up,AB_Interact_Pickup_AbilityGroup,Other,,,,,,Unreviewed,,Working,,,,,
165220777,Pick Up,AB_Interact_Pickup_Resource_AbilityGroup,Other,,,,,,Unreviewed,,Working,,,,,
974235336,Poción de sangre,AB_Consumable_PrisonBloodPotion_AbilityGroup,Other,,,,,,Unreviewed,,Working,,,,,
-452406649,Point,AB_Emote_Vampire_Point_AbilityGroup,Other,,,,,,Reviewed,emote,Working,,,,yes,B1 audit: emote — evaluate in-game for player usability (players want more emotes); keep if functional
-914903899,Poloma Projectile,AB_Poloma_Projectile_Group,Other,,,,,,Unreviewed,,Working,,,Lesser Blood Soul,,
1112116762,Power Surge,AB_Chaos_PowerSurge_AbilityGroup,Chaos|Defensive,,,,,,Unreviewed,,Working,,,,,
458004643,Primary Attack,,Other,,,,,,Unreviewed,,Working,,,Errol the Stonebreaker,,
2034763818,Primary Attack,AB_Bandit_Mugger_GapCloser_Group,Other,,,,,,Unreviewed,,Working,,,Mugger,,
-659513479,Primary Attack,AB_Bandit_Thief_Rush_Elite_Group,Other,,,,,,Unreviewed,,Working,,,,,
-1956103113,Primary Attack,AB_Bandit_Thief_Rush_Group,Other,,,,,,Unreviewed,,Working,,,Thief,,
455219779,Primary Attack,AB_Bandit_Tourok_VBlood_DoubleSwing_AbilityGroup01,Other,,,,,,Unreviewed,,Working,,,Quincey the Bandit King,,
-453755281,Primary Attack,AB_Bandit_Tourok_VBlood_DoubleSwing_AbilityGroup02,Other,,,,,,Unreviewed,,Working,,,Quincey the Bandit King,,
-292632051,Primary Attack,AB_BatSwarm_BehaviourVariationApproch_Group,Other,,,,,,Unreviewed,,Working,,,Giant Bat,,
1493606342,Primary Attack,AB_BatSwarm_BehaviourVariationCircleClose_Group,Other,,,,,,Unreviewed,,Working,,,Giant Bat,,
1407801281,Primary Attack,AB_BatSwarm_BehaviourVariationCircleFar_Group,Other,,,,,,Unreviewed,,Working,,,Giant Bat,,
417450031,Primary Attack,AB_BatSwarm_BehaviourVariationCircleMid_Group,Other,,,,,,Unreviewed,,Working,,,Giant Bat,,
-1698981316,Primary Attack,AB_BatVampire_Whirlwind_AbilityGroup,Other,SelfCast,Channel,auto,,,Unreviewed,,Working,,,Lord Styx the Night Champion,,
-193432841,Primary Attack,AB_Bear_FallAsleep_Group,Other,,,,,,Unreviewed,,Working,,,Kodia the Ferocious Bear,,
1172834223,Primary Attack,AB_Cardinal_Zap_AbilityGroup,Other,,,,,,Unreviewed,,Working,,,Azariel the Sunbringer,,
526997488,Primary Attack,AB_ChurchOfLight_Overseer_LanceCharge_AbilityGroup,Other,,,,,,Unreviewed,,Working,,,,,
-1512916174,Primary Attack,AB_Cultist_MeleeAttack01_Group01,Other,,,,,,Unreviewed,,Working,,,Slicer,,
-2095410919,Primary Attack,AB_Cultist_MeleeAttack02_Group01,Other,,,,,,Unreviewed,,Working,,,Slicer,,
249896389,Primary Attack,AB_Cultist_MeleeAttack03_Group01,Other,,,,,,Unreviewed,,Working,,,Slicer,,
756139644,Primary Attack,AB_Cursed_MountainBeast_WhackAVampBuff_AbilityGroup,Other,,,,,,Unreviewed,,Working,,,Gorecrusher the Behemoth,,
1294766036,Primary Attack,AB_Cursed_Witch_WickedWhisps_AbilityGroup,Other,,,,,,Unreviewed,,Working,,,Matka the Curse Weaver,,
-1512616160,Primary Attack,AB_CursedWanderer_FakeMeleeAttack_Group,Other,,,,,,Unreviewed,,Working,,,Primal Blood Soul,,
-1137336047,Primary Attack,AB_CursedWanderer_Gossip_Group,Other,,,,,,Unreviewed,,Working,,,Primal Blood Soul,,
-1204182143,Primary Attack,AB_Devoted_BasicAttack_Group02,Other,,,,,,Unreviewed,,Working,,,Devoted,,
-1670440585,Primary Attack,AB_Dreadhorn_Trample_Init_AbilityGroup,Other,,,,,,Unreviewed,,Working,,,Dreadhorn,,
1236214928,Primary Attack,AB_Dreadhorn_Trample_Second_Init_AbilityGroup,Other,,,,,,Unreviewed,,Working,,,Dreadhorn,,
-249023543,Primary Attack,AB_Footman_Hook_Group_UNUSED,Other,,,,,,Unreviewed,,Working,,,,,
1685753538,Primary Attack,AB_Footman_Lunge_Group_UNUSED,Other,,,,,,Unreviewed,,Working,,,,,
-588647240,Primary Attack,AB_Footman_Swing_Group_UNUSED,Other,,,,,,Unreviewed,,Working,,,,,
-447578631,Primary Attack,AB_Generic_BehaviourVariationApproch_Group,Other,,,,,,Unreviewed,,Working,,,Crow,,
-2125818102,Primary Attack,AB_Generic_BehaviourVariationCircleClose_Group,Other,,,,,,Unreviewed,,Working,,,Crow,,
903306477,Primary Attack,AB_Generic_BehaviourVariationCircleFar_Group,Other,,,,,,Unreviewed,,Working,,,Crow,,
-1357699119,Primary Attack,AB_Generic_BehaviourVariationCircleMid_Group,Other,,,,,,Unreviewed,,Working,,,Crow,,
-1204505053,Primary Attack,AB_Geomancer_Enrage_AbilityGroup,Other,,,,,,Unreviewed,,Working,,,Terah the Geomancer,,
-1148606177,Primary Attack,AB_Geomancer_UndergroundTremmors_AbilityGroup,Other,,,,,,Unreviewed,,Working,,,Terah the Geomancer,,
1333250097,Primary Attack,AB_GiantCrow_Taunt_AbilityGroup,Other,,,,,,Unreviewed,,Working,,,Crow,,
1485838951,Primary Attack,AB_Gloomrot_Technician_Fiddle_AbilityGroup,Other,,,,,,Unreviewed,,Working,,,Labworker,,
1678557149,Primary Attack,AB_Harpy_FeatherDuster_Spin_AbilityGroup,Other,,,,,,Unreviewed,,Working,,,,,
1510954952,Primary Attack,AB_IronGolem_FallAsleep_Buff_Group,Other,,,,,,Unreviewed,,Working,,,Blood Golem,,
-1715136284,Primary Attack,AB_Iva_BomberJetpack_ChaseTarget_AbilityGroup,Other,,,,,,Unreviewed,,Working,,,Ziva the Engineer,,
-577179884,Primary Attack,AB_Iva_BomberJetpack_Land_AbilityGroup,Other,,,,,,Unreviewed,,Working,,,Ziva the Engineer,,
-1770586075,Primary Attack,AB_Iva_BomberJetpack_TakeOff_AbilityGroup,Other,,,,,,Unreviewed,,Working,,,Ziva the Engineer,,
1450987113,Primary Attack,AB_Iva_ShotgunBlast_AbilityGroup,Other,,,,,,Unreviewed,,Working,,,Ziva the Engineer,,
-2042076580,Primary Attack,AB_Legion_Guardian_MinionAttackChain_AbilityGroup_01,Other,,,,,,Unreviewed,,Working,,,Sanguinary Guard,,
-809908964,Primary Attack,AB_Legion_Guardian_MinionAttackChain_AbilityGroup_02,Other,,,,,,Unreviewed,,Working,,,Sanguinary Guard,,
-639471262,Primary Attack,AB_Legion_Guardian_NecroWarp_AbilityGroup,Other,,,,,,Unreviewed,,Working,,,Sanguinary Guard,,
-740078985,Primary Attack,AB_Legion_Nightmare_Taunt_AbilityGroup,Other,,,,,,Unreviewed,,Working,,,Nightmare,,
-968445725,Primary Attack,AB_Legion_Vargulf_Approach_AbilityGroup,Other,,,,,,Unreviewed,,Working,,,Slaughterbeast,,
494176178,Primary Attack,AB_Matriarch_SpinAttack_AbilityGroup,Other,,,,,,Unreviewed,,Working,,,Morian the Stormwing Matriarch,,
-719487446,Primary Attack,AB_Militia_Glassblower_Approach_AbilityGroup,Other,,,,,,Unreviewed,,Working,,,Grethel the Glassblower,,
1624827356,Primary Attack,AB_Militia_Guard_VBlood_FrostNova_Group,Other,,,,,,Unreviewed,,Working,,,Vincent the Frostbringer,,
-1110188840,Primary Attack,AB_Militia_Guard_VBlood_IceBoltsThrow_Group,Other,,,,,,Unreviewed,,Working,,,Vincent the Frostbringer,,
1607170837,Primary Attack,AB_Militia_Guard_VBlood_IceBreakerInit_AbilityGroup,Other,,,,,,Unreviewed,,Working,,,Vincent the Frostbringer,,
-213757827,Primary Attack,AB_Militia_Leader_Whirlwind_v2_AbilityGroup,Other,SelfCast,Channel,auto,,,Unreviewed,,Working,,,Octavian the Militia Captain,,
-1802655130,Primary Attack,AB_Militia_Leader_Whirlwind_v2_Init_AbilityGroup,Other,,,,,,Unreviewed,,Working,,,Octavian the Militia Captain,,
-1077498120,Primary Attack,AB_Militia_Whirlwind_AbilityGroup,Other,SelfCast,,auto,,,Unreviewed,,Working,,,,,
306615743,Primary Attack,AB_Mutant_Rat_Taunt_Group,Other,,,,,,Unreviewed,,Working,,,Rat Horror,,
-1038102898,Primary Attack,AB_Mutant_Spitter_Taunt_AbilityGroup,Other,,,,,,Unreviewed,,Working,,,Mutant Spitter,,
-413591328,Primary Attack,AB_Nightlurker_Rush_AbilityGroup,Other,,,,,,Unreviewed,,Working,,,Night Lurker,,
-1756529149,Primary Attack,AB_Nun_VBlood_HealCommand_AbilityGroup,Other,,,,,,Unreviewed,,Working,,,Christina the Sun Priestess,,
985669672,Primary Attack,AB_Paladin_DivineAngel_HolySpearField_AbilityGroup,Other,,,,,,Unreviewed,,Working,,,Divine Angel,,
1795809188,Primary Attack,AB_Poloma_Otherside_AbilityGroup,Other,,,,,,Unreviewed,,Working,,,Lesser Blood Soul,,
2033547790,Primary Attack,AB_Poloma_Otherside_AbilityGroup_Ally,Other,,,,,,Unreviewed,,Working,,,Lesser Blood Soul,,
-1085783726,Primary Attack,AB_Prog_HomingNova_Group,Other,,,,,,Unreviewed,,Working,,,,,
-675519112,Primary Attack,AB_Purifier_RotationBoost_AbilityGroup,Other,,,,,,Unreviewed,,Working,,,Primal Blood Soul,,
718360189,Primary Attack,AB_Purifier_ScatterLob_AbilityGroup,Other,,,,,,Unreviewed,,Working,,,Primal Blood Soul,,
1189720448,Primary Attack,AB_Purifier_VerminRepellent_AbilityGroup,Other,,,,,,Unreviewed,,Working,,,Primal Blood Soul,,
-1924288461,Primary Attack,AB_RockElemental_FallAsleep_Buff_AbilityGroup,Other,,,,,,Unreviewed,,Working,,,Rock Elemental,,
-738502538,Primary Attack,AB_Scratcher_SpinAttack_AbilityGroup,Other,,,,,,Unreviewed,,Working,,,Harpy Scratcher,,
338593632,Primary Attack,AB_Scribe_InkCrawler_CircleDistance_AbilityGroup,Other,,,,,,Unreviewed,,Working,,,Ink Demon,,
1506479890,Primary Attack,AB_SeaSerpent_FrostProjectile_AbilityGroup,Other,,,,,,Unreviewed,,Working,,,Young Sea Serpent,,
506072916,Primary Attack,AB_SlaveRuffian_Shout_AbilityGroup,Other,,,,,,Unreviewed,,Working,,,Ruffian,,
1790377808,Primary Attack,AB_Spider_Baneling_ChangeState_Group,Other,,,,,,Unreviewed,,Working,,,Unstable Spider,,
-352214814,Primary Attack,AB_StoneGolem_FallAsleep_Buff_Group,Other,,,,,,Unreviewed,,Working,,,Stone Golem,,
761844990,Primary Attack,AB_Treant_FallAsleep_Group,Other,,,,,,Unreviewed,,Working,,,Blood Treant,,
-776694525,Primary Attack,AB_Undead_Assassin_Rush_AbilityGroup,Other,,,,,,Unreviewed,,Working,,,Undead Assassin,,
381103028,Primary Attack,AB_Undead_FlyingSkull_Approach_AbilityGroup,Other,,,,,,Unreviewed,,Working,,,Flying Skull,,
304835919,Primary Attack,AB_Undead_FlyingSkull_SelfDestruct_AbilityGroup,Other,,,,,,Unreviewed,,Working,,,Flying Skull,,
1365714615,Primary Attack,AB_Undead_GhostAssassin_Rush_AbilityGroup,Other,,,,,,Unreviewed,,Working,,,Ghost Assassin,,
-265915268,Primary Attack,AB_Undead_Guardian_NecroWarp_AbilityGroup,Other,,,,,,Unreviewed,,Working,,,,,
-116587794,Primary Attack,AB_Undead_ZealousCultist_Slice_AbilityGroup_01,Other,,,,,,Unreviewed,,Working,,,Foulrot the Soultaker,,
-1638937811,Primary Attack,AB_Vampire_BloodKnight_HighKick_Abilitygroup,Other,,,,,,Unreviewed,,Working,,,General Valencia the Depraved,,
-1221546136,Primary Attack,AB_Vampire_CrimsonIronMaiden_CrimsonVoid_Abilitygroup,Other,,,,,,Unreviewed,,Working,,,Crimson Maiden,,
-885902431,Primary Attack,AB_Vampire_CrimsonIronMaiden_LineupBuff_Abilitygroup,Other,,,,,,Unreviewed,,Working,,,Crimson Maiden,,
-986547656,Primary Attack,AB_Vampire_Dracula_DashFollowup_Abilitygroup,Other,,,,,,Unreviewed,,Working,,,Dracula the Immortal King,,
-459642635,Primary Attack,AB_Vampire_Dracula_DownSwing_Abilitygroup,Other,,,,,,Unreviewed,,Working,,,Dracula the Immortal King,,
841757706,Primary Attack,AB_Vampire_Dracula_DownSwingDetonating_Abilitygroup,Other,,,,,,Unreviewed,,Working,,,Dracula the Immortal King,,
27585400,Primary Attack,AB_Vampire_Dracula_EvolveComplete_Abilitygroup,Other,,,,,,Unreviewed,,Working,,,Dracula the Immortal King,,
403738972,Primary Attack,AB_Vampire_Dracula_FeedAttack_Abilitygroup,Other,,,,,,Unreviewed,,Working,,,Dracula the Immortal King,,
727824809,Primary Attack,AB_Vampire_Dracula_SideStep_Followup_Abilitygroup,Other,,,,,,Unreviewed,,Working,,,Dracula the Immortal King,,
-2146217789,Primary Attack,AB_Vampire_Dracula_SideStepLong_Followup_Abilitygroup,Other,,,,,,Unreviewed,,Working,,,Dracula the Immortal King,,
-1406000418,Primary Attack,AB_Vampire_Dracula_SummonBats_Abilitygroup,Other,,,,,,Unreviewed,,Working,,,Dracula the Immortal King,,
1888098383,Primary Attack,AB_Vampire_Dracula_WolfAttack_Abilitygroup,Other,,,,,,Unreviewed,,Working,,,Dracula the Immortal King,,
-1287837541,Primary Attack,AB_Vampire_Dracula_WolfLeap_EnterStationary_Abilitygroup,Other,,,,,,Unreviewed,,Working,,,Dracula the Immortal King,,
-1503146131,Primary Attack,AB_VHunter_Leader_Whirlwind_AbilityGroup,Other,,,,,,Unreviewed,,Working,,,Tristan the Vampire Hunter,,
-343320686,Primary Attack,AB_VHunter_Leader_Whirlwind_Init_AbilityGroup,Other,,,,,,Unreviewed,,Working,,,Tristan the Vampire Hunter,,
-1243386667,Primary Attack,AB_Voltage_Whirlwind_AbilityGroup,Other,,,,,,Unreviewed,,Working,,,Domina the Blade Dancer,,
1001804923,Primary Attack,AB_WerewolfChieftain_FeedBuff_AbilityGroup,Other,SelfCast,,auto,,,Unreviewed,,Working,,,Willfred the Village Elder,,
-67893977,Primary Attack,AB_WerewolfChieftain_MultiBiteBuff_AbilityGroup,Other,,,,,,Unreviewed,,Working,,,Willfred the Village Elder,,
2030404176,Primary Attack,AB_WerewolfChieftain_OpenTheCages_AbilityGroup,Other,,,,,,Unreviewed,,Working,,,Willfred the Village Elder,,
-280574043,Primärangriff,AB_Undead_ZealousCultist_Slice_AbilityGroup_02,Other,,,,,,Unreviewed,,Working,,,"Foulrot, der Seelennehmer",,
-1825390216,Prison Interact,AB_PrisonInteract_AbilityGroup,,,,,,,Unreviewed,,Working,,,,,
-1648249846,Pristine Heart,AB_Consumable_Eat_Heart_Pristine_AbilityGroup,Other,,,,,,Unreviewed,,Working,,,,,
1228457971,Purifier Chaos Spray,AB_Purifier_ChaosSpray_AbilityGroup,Other,,,,,,Unreviewed,,Working,,,Primal Blood Soul,,
1425686238,Purifier Chaos Volley,AB_Purifier_ChaosVolley_AbilityGroup,Other,,,,,,Unreviewed,,Working,,,Primal Blood Soul,,
-1454951943,Rain of Bolts,AB_Vampire_Crossbow_IceRanger_IceShard_ChannelBarrage_Group,Other,,,,,,Unreviewed,,Working,,,General Elena the Hollow,,
102790706,Rat,AB_Consumable_Bottle_EmptyBottle_AbilityGroup,Other,,,,,,Unreviewed,,Working,,,,,
-1047692800,Rat,AB_Consumable_Bottle_EmptyWaterskin_AbilityGroup,Other,,,,,,Unreviewed,,Working,,,,,
2034689434,Rat,AB_Consumable_Eat_Rat_AbilityGroup,Other,,,,,,Unreviewed,,Working,,,,,
-1801222341,Rat,AB_Consumable_Tech_Ability_Bite_AbilityGroup,Other,,,,,,Unreviewed,,Working,,,,,
-304507736,Rat,AB_Consumable_Tech_Ability_Charm_Level01_AbilityGroup,Other,,,,,,Unreviewed,,Working,,,,,
-2018732849,Rat,AB_Consumable_Tech_Ability_Charm_Level02_AbilityGroup,Other,,,,,,Unreviewed,,Working,,,,,
1484354243,Rat,AB_Consumable_Tech_Memory_AbilityGroup,Other,,,,,,Unreviewed,,Working,,,,,
1575781217,Rat,AB_Consumable_Tech_Recipe_AbilityGroup,Other,,,,,,Unreviewed,,Working,,,,,
784029872,Rat Form,AB_Shapeshift_Rat_Group,Shapeshift,,,,,,Unreviewed,,Working,,,,,
-1428855842,Rat Hole,AB_Interact_RatHole_AbilityGroup,Other,SelfCast,,auto,,,Unreviewed,,Working,,,,,
1479612756,Recall & Revive Companion,AB_Subdue_RecallTarget_AbilityGroup,Other,SelfCast,Channel,auto,,,Unreviewed,,Working,,,,,
1856432305,Release Companion,AB_Subdue_ReleaseTarget_AbilityGroup,Other,,,,,,Unreviewed,,Working,,,,,
636244244,Release Target,,Other,,,,,,Unreviewed,,Working,,,,,
826190081,Release Target,AB_Charm_ReleaseTarget_Human_AbilityGroup,Other,,,,,,Unreviewed,,Working,,,,,
109530037,Repair,AB_Interact_Repair_Medium_AbilityGroup,Other,,,,,,Unreviewed,,Working,,,,,
-576906626,Requires Ancestral Blood Essence,AB_Interact_OpenContainer_Blood_NoEssence_AbilityGroup,Other,,,,,,Unreviewed,,Working,,,,,
-646168524,Return to Vardoran,AB_Interact_WarpRift_EndGame_Exit_AbilityGroup,Other,,,,,,Unreviewed,,Working,,,,,
-1190925292,Return to Vardoran,AB_Interact_WarpRiftExit_AbilityGroup,Other,,,,,,Unreviewed,,Working,,,,,
1104157543,Ring Bell,AB_Interact_BellRing_AbilityGroup,Other,,,,,,Unreviewed,,Working,,,,,
-840954076,Roar,AB_Shapeshift_Bear_Roar_AbilityGroup,Other,,,,,,Unreviewed,,Working,,,,,
-2050883182,Rock Elemental Awake,AB_RockElemental_Awake_AbilityGroup,,,,,,,Unreviewed,,Working,,,,,
1191439206,Rytuał Krwi,AB_Blood_BloodRite_AbilityGroup,Blood|Defensive,SelfCast,,auto,,,Unreviewed,,Working,,,,,
-370061286,Salute,AB_Emote_Vampire_Salute_AbilityGroup,Other,,,,,,Reviewed,emote,Working,,,,yes,B1 audit: emote — evaluate in-game for player usability (players want more emotes); keep if functional
-1287271443,Sea Serpent Fish Vomit,AB_SeaSerpent_FishVomit_Group,Other,,,,,,Unreviewed,,Working,,,Young Sea Serpent,,
-2121210997,Secondary Attack,AB_Bandit_Stalker_VBlood_SpinAttack_Group,Other,,,,,,Unreviewed,,Working,,,Grayson the Armourer,,
-47403235,Secondary Attack,AB_Bandit_StoneBreaker_VBlood_SpinAttack_Group,Other,,,,,,Unreviewed,,Working,,,Errol the Stonebreaker,,
-1509344340,Servant Inventory,AB_Interact_Servant_AbilityGroup,Other,,,,,,Unreviewed,,Working,,,,,
-1079667900,Shadow Meld,AB_Nun_HealingTarget_Group,Other,,,,,,Unreviewed,,Working,,,,,
-281508142,Shadow Meld,AB_Undead_ZealousCultist_GhastlyMockery_AbilityGroup,Other,SelfCast,,auto,,,Unreviewed,,Working,,,Foulrot the Soultaker,,
430979240,Shapeshift Wolf Blackfang Skin03,AB_Shapeshift_Wolf_Blackfang_Skin03_Group,,,,,,,Unreviewed,,Working,,,,,
993583640,Shockwave,AB_Vampire_Sword_Shockwave_Recast_AbilityGroup,Other,,,,,,Unreviewed,,Working,,,,,
-578764388,Shrug,AB_Emote_Vampire_Shrug_AbilityGroup,Other,,,,,,Reviewed,emote,Working,,,,yes,B1 audit: emote — evaluate in-game for player usability (players want more emotes); keep if functional
-1193297071,Siege Golem,AB_Shapeshift_Golem_T02_Group,Other,SelfCast,Channel,auto,,,Unreviewed,,Working,,,,,
1062857775,Silver Resistance Brew,AB_Consumable_SilverResistancePotion_T01_AbilityGroup,Other,,,,,,Unreviewed,,Working,,,,,
-1712538598,Sit,AB_Interact_General_LayDown_AbilityGroup,Other,SelfCast,,auto,,,Unreviewed,,Working,,,,,
-91023537,Sit,AB_Interact_General_Sit_AbilityGroup,Other,SelfCast,,auto,,,Unreviewed,,Working,,,,,
1651864139,Sit,AB_Interact_Throne_AbilityGroup,Other,SelfCast,,auto,,,Unreviewed,,Working,,,,,
935984304,Sit,AB_Interact_Throne_Dracula_AbilityGroup,Other,SelfCast,,auto,,,Unreviewed,,Working,,,,,
-1303418171,Slam,AB_Shapesfhit_Golem_T02_FistSlam_Group,Other,,,,,,Unreviewed,,Working,,,,,
-1156226621,Sludge-filled Canister,AB_Consumable_IrradiantGruel_AbilityGroup,Other,,,,,,Unreviewed,,Working,,,,,
-2027014613,Sludge-filled Canister,AB_Consumable_ToxicSludgeCanister_AbilityGroup,Other,,,,,,Unreviewed,,Working,,,,,
-1537007486,Sommelier Flurry,AB_Sommelier_Flurry_AbilityGroup,,,,,,,Unreviewed,,Working,,,,,
-420953378,Sorceress Relocate,AB_Sorceress_Relocate_AbilityGroup,Other,,,,,,Unreviewed,,Working,,,Harpy Sorceress,,
-1739260908,Soul of the Wolf,AB_Shapeshift_Wolf_PMK_Skin02_Group,Shapeshift,,,,,,Unreviewed,,Working,,,,,
-1897317770,Spectral Strike,AB_ArchMage_MirrorImage_AbilityGroup,Other,,,,,,Unreviewed,,Working,,,Mairwyn the Elementalist,,
1484650418,Spectral Strike,AB_Gloomrot_Monster_ActivateBeams_AbilityGroup,Other,,,,,,Unreviewed,,Working,,,Adam the Firstborn,,
-1280314509,Spectral Strike,AB_Gloomrot_Monster_SideStepForward_AbilityGroup,Other,,,,,,Unreviewed,,Working,,,Adam the Firstborn,,
-1308520526,Spectral Strike,AB_Gloomrot_RailgunSergeant_Warp_AbilityGroup,Other,,,,,,Unreviewed,,Working,,,Voltatia the Power Master,,
-1915922151,Spectral Strike,AB_Legion_Vargulf_MaulSetup_Init_AbilityGroup_Followup,Other,,,,,,Unreviewed,,Working,,,Slaughterbeast,,
-1567787423,Spectral Strike,AB_Purifier_JetPunchSetup_Back_AbilityGroup,Other,,,,,,Unreviewed,,Working,,,Primal Blood Soul,,
973636261,Spectral Strike,AB_Purifier_JetPunchSetup_FarBack_AbilityGroup,Other,,,,,,Unreviewed,,Working,,,Primal Blood Soul,,
62042854,Spectral Strike,AB_Purifier_JetPunchSetup_Forward_AbilityGroup,Other,,,,,,Unreviewed,,Working,,,Primal Blood Soul,,
-377463117,Spectral Strike,AB_Vampire_Dracula_BloodStones_Setup_AbilityGroup,Other,,,,,,Unreviewed,,Working,,,Dracula the Immortal King,,
-1978007923,Spectral Strike,AB_Vampire_Dracula_DestroyPillars_AbilityGroup,Other,,,,,,Unreviewed,,Working,,,,,
641943079,Spectral Strike,AB_Vampire_Dracula_ReconstructPillars_AbilityGroup,Other,,,,,,Unreviewed,,Working,,,,,
983916408,Spider Broodmother Spawn Adds,AB_Spider_Broodmother_SpawnAdds_AbilityGroup,Other,,,,,,Unreviewed,,Working,,,Broodmother,,
858891748,Spider Forest Back Step,AB_Spider_Forest_BackStep_AbilityGroup,,,,,,,Unreviewed,,Working,,,,,
180580857,Spider Form,AB_Shapeshift_Spider_Group,Shapeshift,,,,,,Unreviewed,,Working,,,,,
792257682,Spider Melee Back Step,AB_Spider_Melee_BackStep_AbilityGroup,,,,,,,Unreviewed,,Working,,,,,
-915534386,Spider Melee Webbing,AB_Spider_Melee_Webbing_AbilityGroup,Other,,,,,,Unreviewed,,Working,,,Spider Melee Gate Boss Summon,,
-1586810476,Spider Queen Projectile Loop,AB_Spider_Queen_ProjectileLoop_AbilityGroup,Other,,,,,,Unreviewed,,Working,,,Primal Blood Soul,,
1132262199,Spider Queen Range Attack,AB_Spider_Queen_RangeAttack_AbilityGroup,Other,,,,,,Unreviewed,,Working,,,Primal Blood Soul,,
-1072715636,Spider Range Back Step,AB_Spider_Range_BackStep_AbilityGroup,,,,,,,Unreviewed,,Working,,,,,
1234809194,Stand,AB_Interact_Throne_Dracula_Recast_AbilityGroup,Other,,,,,,Unreviewed,,Working,,,,,
-1385465144,Stand,AB_Interact_Throne_Recast_Shared_AbilityGroup,Other,,,,,,Unreviewed,,Working,,,,,
-793376955,Stone Golem Awake,AB_StoneGolem_Awake_Group,,,,,,,Unreviewed,,Working,,,,,
-1184139778,Storm Lightning Tendrils,AB_Storm_LightningTendrils_AbilityGroup,,,,,,,Unreviewed,,Working,,,,,
-631049507,Stygian Bear Form,AB_Shapeshift_Bear_Skin01_Group,Shapeshift,,,,,,Unreviewed,,Working,,,,,
1798913199,Stygian Wolf Form,AB_Shapeshift_Wolf_Skin01_Group,Shapeshift,,,,,,Unreviewed,,Working,,,,,
-1064533554,Surrender,AB_Emote_Vampire_Surrender_AbilityGroup,Other,,,,,,Reviewed,emote,Working,,,,yes,B1 audit: emote — evaluate in-game for player usability (players want more emotes); keep if functional
-630967346,Tailor On Aggro,AB_Tailor_OnAggro_AbilityGroup,,,,,,,Unreviewed,,Working,,,,,
-1888981494,Tainted Heart,AB_Consumable_Eat_Heart_Tainted_AbilityGroup,Other,,,,,,Unreviewed,,Working,,,,,
695067846,Tartsd lenyomva a teleportáláshoz,AB_Interact_UseWaypoint_Castle_AbilityGroup,Other,,,,,,Unreviewed,,Working,,,,,
1501158829,Tartsd lenyomva a Táplálkozáshoz,AB_FeedFriendly_01_Initiate_AbilityGroup,Other,,,,,,Unreviewed,,Working,,,,,
-158502505,Taunt,AB_Emote_Vampire_Taunt_AbilityGroup,Other,,,,,,Reviewed,emote,Working,,,,yes,B1 audit: emote — evaluate in-game for player usability (players want more emotes); keep if functional
-133703992,Thank You,AB_Emote_Vampire_ThankYou_AbilityGroup,Other,,,,,,Reviewed,emote,Working,,,,yes,B1 audit: emote — evaluate in-game for player usability (players want more emotes); keep if functional
-499389517,Toad Form,AB_Shapeshift_Toad_Group,Shapeshift,,,,,,Unreviewed,,Working,,,,,
33571279,Travel to the Shadow Realm,AB_Interact_WarpRift_AbilityGroup,Other,,,,,,Unreviewed,,Working,,,,,
1957509060,Treant Corrupted Fall Asleep,AB_Treant_Corrupted_FallAsleep_Group,,,,,,,Unreviewed,,Working,,,,,
-891864538,Treant Corrupted Projectile,AB_Treant_Corrupted_Projectile_Group,,,,,,,Unreviewed,,Working,,,,,
-1858935493,Treant Corrupted Wake Up,AB_Treant_Corrupted_WakeUp_Group,,,,,,,Unreviewed,,Working,,,,,
-968756307,Treant Projectile,AB_Treant_Projectile_Group,Other,,,,,,Unreviewed,,Working,,,Blood Treant,,
-573678829,Treant Wake Up,AB_Treant_WakeUp_Group,,,,,,,Unreviewed,,Working,,,,,
-1072457678,Trippy Shroom,AB_Consumable_Eat_TrippyShroom_AbilityGroup,Other,,,,,,Unreviewed,,Working,,,,,
1704026958,Unburrow,AB_Shapeshift_Spider_Unburrow_AbilityGroup,Other,,,,,,Unreviewed,,Working,,,,,
-89125940,Undead Areana Champion Corpse Buff,AB_Undead_AreanaChampion_CorpseBuff_AbilityGroup,,,,,,,Unreviewed,,Working,,,,,
341647784,Undead Arena Champion Add To Duel,AB_Undead_ArenaChampion_AddToDuel_AbilityGroup,,,,,,,Unreviewed,,Working,,,,,
-1357375516,Undead Arena Champion Counter Strike,AB_Undead_ArenaChampion_CounterStrike_AbilityGroup,,,,,,,Unreviewed,,Working,,,,,
-547251580,Undead Arena Champion Fadestrike,AB_Undead_ArenaChampion_Fadestrike_AbilityGroup,,,,,,,Unreviewed,,Working,,,,,
-725828654,Undead Arena Champion Kill Disconnected,AB_Undead_ArenaChampion_KillDisconnected_AbilityGroup,,,,,,,Unreviewed,,Working,,,,,
-1253650402,Undead Arena Champion Side Step Left,AB_Undead_ArenaChampion_SideStep_Left_AbilityGroup,,,,,,,Unreviewed,,Working,,,,,
-887581044,Undead Arena Champion Side Step Right,AB_Undead_ArenaChampion_SideStep_Right_AbilityGroup,,,,,,,Unreviewed,,Working,,,,,
821808685,Undead Arena Champion Stab Launch,AB_Undead_ArenaChampion_StabLaunch_AbilityGroup,,,,,,,Unreviewed,,Working,,,,,
-1795148379,Undead Bishop Of Shadows Tripple Bolt,AB_Undead_BishopOfShadows_TrippleBolt_AbilityGroup,Other,,,,,,Unreviewed,,Working,,,Primal Blood Soul,,
-1800699406,Undead Necromancer Summon Skulls,AB_Undead_Necromancer_SummonSkulls_AbilityGroup,Other,,,,,,Unreviewed,,Working,,,Skeleton Bishop,,
-1153380978,Undead Priest Elite Emote Aggro,AB_Undead_Priest_Elite_Emote_Aggro_AbilityGroup,,,,,,,Reviewed,emote,Working,,,,yes,B1 audit: emote — evaluate in-game for player usability (players want more emotes); keep if functional
1988754598,Undead Priest Elite Projectile Nova,AB_Undead_Priest_Elite_ProjectileNova_AbilityGroup,Other,,,,,,Unreviewed,,Working,,,Nicholaus the Fallen,,
-2034290170,Undead Priest Elite Raise Dead,AB_Undead_Priest_Elite_RaiseDead_AbilityGroup,Other,,,,,,Unreviewed,,Working,,,Nicholaus the Fallen,,
2095802125,Undead Skeleton Golem Dig,AB_Undead_SkeletonGolem_Dig_AbilityGroup,Other,,,,,,Unreviewed,,Working,,,Corpse Pile,,
-386396572,Undead Skeleton Golem Spit,AB_Undead_SkeletonGolem_Spit_AbilityGroup,Other,,,,,,Unreviewed,,Working,,,Leichenstapel,,
-1784566500,Undead Zealous Cultist Summon Ghosts,AB_Undead_ZealousCultist_SummonGhosts_AbilityGroup,Other,,,,,,Unreviewed,,Working,,,Foulrot the Soultaker,,
-1336700473,Unholy Fallen Angel Unholy Barrage,AB_Unholy_FallenAngel_UnholyBarrage_AbilityGroup,Other,,,,,,Unreviewed,,Working,,,Fallen Angel,,
1959283631,Unsullied Heart,AB_Consumable_Eat_Heart_Unsullied_AbilityGroup,Other,,,,,,Unreviewed,,Working,,,,,
1199769322,Vampire Blood Knight Hooking Spear Abilitygroup,AB_Vampire_BloodKnight_HookingSpear_Abilitygroup,Other,,,,,,Unreviewed,,Working,,,General Valencia the Depraved,,
-503137581,Vampire Blood Knight Maiden Lineup,AB_Vampire_BloodKnight_MaidenLineup_AbilityGroup,Other,SelfCast,,auto,,,Unreviewed,,Working,,,General Valencia the Depraved,,
1730729556,Vampire Blood Knight Spear Twirl,AB_Vampire_BloodKnight_SpearTwirl_AbilityGroup,,,,,,,Unreviewed,,Working,,,,,
444781406,Vampire Crimson Iron Maiden Expunge,AB_Vampire_CrimsonIronMaiden_Expunge_AbilityGroup,Other,,,,,,Unreviewed,,Working,,,,,
566224334,Vampire Crimson Iron Maiden Pulling Chains Abilitygroup,AB_Vampire_CrimsonIronMaiden_PullingChains_Abilitygroup,Other,,,,,,Unreviewed,,Working,,,Crimson Maiden,,
-501371757,Vampire Cultist Blood Crystal,AB_Vampire_Cultist_BloodCrystal_AbilityGroup,Other,,,,,,Unreviewed,,Working,,,Vampire Cultist,,
1983112426,Vampire Cultist Channel,AB_Vampire_Cultist_Channel_AbilityGroup,Other,,,,,,Unreviewed,,Working,,,ヴァンパイア信者,,
-2059612596,Vampire Cultist Praying,AB_Vampire_Cultist_Praying_01_AbilityGroup,Other,,,,,,Unreviewed,,Working,,,Vampire Cultist,,
657450547,Vampire Cultist Praying,AB_Vampire_Cultist_Praying_02_AbilityGroup,Other,,,,,,Unreviewed,,Working,,,Vampire Cultist,,
1210884829,Vampire Cultist Stop Channel,AB_Vampire_Cultist_StopChannel_AbilityGroup,Other,,,,,,Unreviewed,,Working,,,Vampire Cultist,,
1814959003,Vampire Cultist Whittling,AB_Vampire_Cultist_Whittling_AbilityGroup,Other,,,,,,Unreviewed,,Working,,,Vampire Cultist,,
149514079,Vampire Daggers Rain Of Daggers,AB_Vampire_Daggers_RainOfDaggers_Group,,,,,,,Unreviewed,,Working,,,,,
797450963,Vampire Dracula Blood Bolt Swarm,AB_Vampire_Dracula_BloodBoltSwarm_AbilityGroup,Other,,,,,,Unreviewed,,Working,,,Dracula the Immortal King,,
-1161896955,Vampire Dracula Etherial Sword Abilitygroup,AB_Vampire_Dracula_EtherialSword_Abilitygroup,Other,,,,,,Unreviewed,,Working,,,Dracula the Immortal King,,
543365747,Vampire Dracula Side Step Long Left,AB_Vampire_Dracula_SideStepLong_Left_AbilityGroup,Other,,,,,,Unreviewed,,Working,,,Dracula the Immortal King,,
-130280994,Vampire Dracula Side Step Long Right,AB_Vampire_Dracula_SideStepLong_Right_AbilityGroup,Other,,,,,,Unreviewed,,Working,,,Dracula the Immortal King,,
532210332,Vampire Dracula Sword Throw Abilitygroup,AB_Vampire_Dracula_SwordThrow_Abilitygroup,Other,,,,,,Unreviewed,,Working,,,Dracula the Immortal King,,
-1238817965,Vampire Twin Blades Sweeping Strike,AB_Vampire_TwinBlades_SweepingStrike_AbilityGroup,,,,,,,Unreviewed,,Working,,,,,
-2036664505,Veil of Blood,AB_Vampire_Dracula_VeilOfBats_PreAbilityGroup,Other,,,,,,Unreviewed,,Working,,,Dracula the Immortal King,,
-895081056,Vermin Salve,AB_Consumable_Salve_Vermin_AbilityGroup,Other,,,,,,Unreviewed,,Working,,,,,
1771330790,VHunter Castle Man Dagger Throw,AB_VHunter_CastleMan_DaggerThrow_AbilityGroup,Other,,,,,,Unreviewed,,Working,,,Simon Belmont the Vampire Hunter,,
76767983,VHunter Jade Blast Vault,AB_VHunter_Jade_BlastVault_Group,Other,,,,,,Unreviewed,,Working,,,Jade the Vampire Hunter,,
-453760177,VHunter Jade Explosive Shells,AB_VHunter_Jade_ExplosiveShells_Group,Other,,,,,,Unreviewed,,Working,,,Jade the Vampire Hunter,,
501615608,VHunter Jade Stealth,AB_VHunter_Jade_Stealth_Group,Other,,,,,,Unreviewed,,Working,,,Jade the Vampire Hunter,,
-23281706,VHunter Leader Crossbow Fast,AB_VHunter_Leader_Crossbow_Group_Fast,Other,,,,,,Unreviewed,,Working,,,Tristan the Vampire Hunter,,
-1330984343,VHunter Leader Crossbow Hard,AB_VHunter_Leader_Crossbow_Group_Hard,Other,,,,,,Reviewed,variant_hard,Working,,,Tristan the Vampire Hunter,yes,B1 audit: brutal _Hard_ difficulty variant of a base ability — evaluate unique attributes vs the base
985201241,VHunter Leader Fire Rain,AB_VHunter_Leader_FireRain_Group,Other,,,,,,Unreviewed,,Working,,,Tristan the Vampire Hunter,,
1383453728,Voidquake Vortex,AB_Chaos_Voidquake_AbilityGroup,Chaos|Ultimate,,,,,,Unreviewed,,Working,,,,,
-1504629350,Ward of the Damned,AB_Undead_Leader_WardOfTheDamned_AbilityGroup,Other,,,,,,Unreviewed,,Working,,,Kriig the Undead General,,
-1136860480,Ward of the Damned,AB_Unholy_WardOfTheDamned_AbilityGroup,Unholy|Defensive,SelfCast,,auto,,,Unreviewed,,Working,,,,,
1177797340,Wave,AB_Emote_Vampire_Wave_AbilityGroup,Other,,,,,,Reviewed,emote,Working,,,,yes,B1 audit: emote — evaluate in-game for player usability (players want more emotes); keep if functional
1238313774,Wendigo Frost Nova,AB_Wendigo_FrostNova_AbilityGroup,Other,,,,,,Unreviewed,,Working,,,Frostmaw the Mountain Terror,,
-2029046970,Whirlwind,AB_Vampire_Sword_Whirlwind_Spin_AbilityGroup,Other,,,,,,Unreviewed,,Working,,,,,
-544868559,Winter Yeti Cave Rumble,AB_Winter_Yeti_CaveRumble_AbilityGroup,Other,,,,,,Unreviewed,,Working,,,Terrorclaw the Ogre,,
-1249437419,Wisp Dance,AB_Illusion_WispDance_Recast_AbilityGroup,Other,,,,,,Unreviewed,,Working,,,,,
330164959,Wolf Boss Do Nothing,AB_Wolf_Boss_DoNothing_AbilityGroup,Other,,,,,,Unreviewed,,Working,,,,,
640068737,Wolf Boss On Aggro,AB_Wolf_Boss_OnAggro_AbilityGroup,,,,,,,Unreviewed,,Working,,,,,
544754926,Wolf Boss Speed Buff,AB_Wolf_Boss_SpeedBuff_AbilityGroup,,,,,,,Unreviewed,,Working,,,,,
1456629565,Wolf Boss Step Back,AB_Wolf_Boss_StepBack_AbilityGroup,,,,,,,Unreviewed,,Working,,,,,
900707394,Wolf Form,AB_Shapeshift_Wolf_Group,Shapeshift,,,,,,Unreviewed,,Working,,,,,
1878649294,Woodcutter On Aggro,AB_Woodcutter_OnAggro_AbilityGroup,,,,,,,Unreviewed,,Working,,,,,
889811193,Yes,AB_Emote_Vampire_Cry_AbilityGroup,Other,,,,,,Reviewed,emote,Working,,,,yes,B1 audit: emote — evaluate in-game for player usability (players want more emotes); keep if functional
604121141,Yes,AB_Emote_Vampire_DanceSingle01_AbilityGroup,Other,,,,,,Reviewed,emote,Working,,,,yes,B1 audit: emote — evaluate in-game for player usability (players want more emotes); keep if functional
-925169006,Yes,AB_Emote_Vampire_DanceSingle02_AbilityGroup,Other,,,,,,Reviewed,emote,Working,,,,yes,B1 audit: emote — evaluate in-game for player usability (players want more emotes); keep if functional
-1685517289,Yes,AB_Emote_Vampire_Laugh_AbilityGroup,Other,,,,,,Reviewed,emote,Working,,,,yes,B1 audit: emote — evaluate in-game for player usability (players want more emotes); keep if functional
-1525577000,Yes,AB_Emote_Vampire_Yes_AbilityGroup,Other,,,,,,Reviewed,emote,Working,,,,yes,B1 audit: emote — evaluate in-game for player usability (players want more emotes); keep if functional
-449872140,Открыть,AB_Interact_Dismantle_Medium_AbilityGroup,Other,,,,,,Unreviewed,,Working,,,,,
808904257,Сесть,AB_Emote_Vampire_Sit_AbilityGroup,Other,,,,,,Reviewed,emote,Working,,,,yes,B1 audit: emote — evaluate in-game for player usability (players want more emotes); keep if functional
-1041665194,ปาดาบ,AB_Interact_ThrowSword_AbilityGroup,Other,,,,,,Unreviewed,,Working,,,,,
302896371,เข้าไป,AB_Interact_DraculaDoorFail_AbilityGroup,Other,,,,,,Unreviewed,,Working,,,,,
560207432,主要攻擊,AB_Vampire_CrimsonIronMaiden_DistanceChecker_Abilitygroup,Other,,,,,,Unreviewed,,Working,,,猩紅鐵娘子,,
14271023,打开,AB_Interact_UseResearchstation_AbilityGroup,Other,,,,,,Unreviewed,,Working,,,,,
1019568127,混沌連射,AB_Chaos_Volley_AbilityGroup,Chaos|Offensive,,,,,,Unreviewed,,Working,,,,,
592600719,나가기,AB_Interact_UseEntryway_Exit_AbilityGroup,Other,,,,,,Unreviewed,,Working,,,,,
